true\pred,QAM16,QAM64,8PSK,WBFM,BPSK,CPFSK,AM-DSB,GFSK,PAM4,QPSK,AM-SSB
QAM16,82.00,13.50,4.00,0.00,0.00,0.00,0.00,0.00,0.00,0.00,0.50
QAM64,78.50,11.00,6.00,0.00,0.00,0.00,0.00,0.00,1.50,1.50,1.50
8PSK,0.00,2.00,87.50,0.00,0.00,2.00,0.00,0.00,0.00,8.50,0.00
WBFM,0.00,0.00,0.00,26.00,0.00,0.00,69.00,5.00,0.00,0.00,0.00
BPSK,0.00,0.50,1.00,0.50,91.00,0.00,0.00,0.00,1.00,5.50,0.50
CPFSK,0.00,0.00,0.00,0.00,0.00,99.50,0.00,0.00,0.00,0.50,0.00
AM-DSB,0.00,0.00,0.00,38.00,0.00,0.00,62.00,0.00,0.00,0.00,0.00
GFSK,0.00,0.00,0.00,16.50,0.00,0.00,0.50,83.00,0.00,0.00,0.00
PAM4,0.00,0.50,0.00,0.00,16.00,0.00,0.50,0.00,82.50,0.00,0.50
QPSK,0.00,0.00,2.00,0.00,0.50,0.00,0.00,0.00,0.00,96.00,1.50
AM-SSB,0.50,0.00,40.00,4.50,20.00,2.50,0.50,3.50,16.50,8.00,4.00
