defense,0,2,4,6,8,10,12,14,16,18,weighted_avg
no_defense,0.6013636363636363,0.7759090909090909,0.7518181818181818,0.7495454545454545,0.7445454545454545,0.7509090909090909,0.7377272727272727,0.7518181818181818,0.7536363636363637,0.7381818181818182,0.7355454545454545
ae_fft_topk,0.7086363636363636,0.79,0.7663636363636364,0.7695454545454545,0.76,0.7709090909090909,0.7572727272727273,0.7704545454545455,0.7827272727272727,0.765,0.764090909090909
spectral_gated,0.7072727272727273,0.7918181818181819,0.759090909090909,0.7659090909090909,0.7495454545454545,0.7627272727272727,0.7427272727272727,0.7572727272727273,0.7577272727272727,0.7381818181818182,0.7532272727272727
kalman,0.644090909090909,0.7181818181818181,0.7045454545454546,0.7227272727272728,0.7163636363636363,0.7313636363636363,0.7313636363636363,0.7286363636363636,0.7354545454545455,0.7159090909090909,0.7148636363636364
wiener,0.6559090909090909,0.730909090909091,0.7159090909090909,0.7222727272727273,0.72,0.735,0.7245454545454545,0.7290909090909091,0.7268181818181818,0.7204545454545455,0.7180909090909091
savitzky_golay,0.6904545454545454,0.7090909090909091,0.6995454545454546,0.7109090909090909,0.7127272727272728,0.7063636363636364,0.6968181818181818,0.7077272727272728,0.6931818181818182,0.6977272727272728,0.7024545454545454
gaussian,0.6236363636363637,0.7163636363636363,0.7036363636363636,0.7136363636363636,0.7122727272727273,0.725,0.7209090909090909,0.7240909090909091,0.7340909090909091,0.7090909090909091,0.7082727272727273
fir,0.6436363636363637,0.725,0.715,0.7104545454545454,0.725909090909091,0.7286363636363636,0.6918181818181818,0.7272727272727273,0.7022727272727273,0.7118181818181818,0.7081818181818181
rand_smooth,0.3981818181818182,0.41409090909090907,0.40954545454545455,0.4213636363636364,0.415,0.4113636363636364,0.41363636363636364,0.41045454545454546,0.41,0.4081818181818182,0.4111818181818182
