mod,snr,fec,scenario,crc_pass_rate,amc_acc
BPSK,18,False,Clean,1.0,0.995
BPSK,18,False,Clean+AMC,1.0,0.995
BPSK,18,False,CW,1.0,0.065
BPSK,18,False,CW+AMC,0.315,0.065
BPSK,18,False,CW+Top10,0.99,0.02
BPSK,18,False,CW+Top10+AMC,0.03,0.02
BPSK,18,False,Clean+Top10,0.99,-1
BPSK,18,False,CW+Top20,1.0,0.56
BPSK,18,False,CW+Top20+AMC,0.565,0.56
BPSK,18,False,Clean+Top20,1.0,-1
BPSK,18,False,CW+Top50,1.0,0.515
BPSK,18,False,CW+Top50+AMC,0.585,0.515
BPSK,18,False,Clean+Top50,1.0,-1
BPSK,18,True,Clean,1.0,1.0
BPSK,18,True,Clean+AMC,1.0,1.0
BPSK,18,True,CW,1.0,0.08
BPSK,18,True,CW+AMC,0.085,0.08
BPSK,18,True,CW+Top10,1.0,0.015
BPSK,18,True,CW+Top10+AMC,0.02,0.015
BPSK,18,True,Clean+Top10,1.0,-1
BPSK,18,True,CW+Top20,1.0,0.49
BPSK,18,True,CW+Top20+AMC,0.495,0.49
BPSK,18,True,Clean+Top20,1.0,-1
BPSK,18,True,CW+Top50,1.0,0.47
BPSK,18,True,CW+Top50+AMC,0.47,0.47
BPSK,18,True,Clean+Top50,1.0,-1
QPSK,18,False,Clean,1.0,1.0
QPSK,18,False,Clean+AMC,1.0,1.0
QPSK,18,False,CW,1.0,0.0
QPSK,18,False,CW+AMC,0.0,0.0
QPSK,18,False,CW+Top10,0.92,0.0
QPSK,18,False,CW+Top10+AMC,0.01,0.0
QPSK,18,False,Clean+Top10,0.95,-1
QPSK,18,False,CW+Top20,1.0,0.475
QPSK,18,False,CW+Top20+AMC,0.475,0.475
QPSK,18,False,Clean+Top20,1.0,-1
QPSK,18,False,CW+Top50,1.0,0.56
QPSK,18,False,CW+Top50+AMC,0.56,0.56
QPSK,18,False,Clean+Top50,1.0,-1
QPSK,18,True,Clean,1.0,1.0
QPSK,18,True,Clean+AMC,1.0,1.0
QPSK,18,True,CW,1.0,0.0
QPSK,18,True,CW+AMC,0.005,0.0
QPSK,18,True,CW+Top10,1.0,0.0
QPSK,18,True,CW+Top10+AMC,0.0,0.0
QPSK,18,True,Clean+Top10,1.0,-1
QPSK,18,True,CW+Top20,1.0,0.52
QPSK,18,True,CW+Top20+AMC,0.52,0.52
QPSK,18,True,Clean+Top20,1.0,-1
QPSK,18,True,CW+Top50,1.0,0.555
QPSK,18,True,CW+Top50+AMC,0.555,0.555
QPSK,18,True,Clean+Top50,1.0,-1
8PSK,18,False,Clean,1.0,0.945
8PSK,18,False,Clean+AMC,0.945,0.945
8PSK,18,False,CW,1.0,0.0
8PSK,18,False,CW+AMC,0.0,0.0
8PSK,18,False,CW+Top10,0.145,0.0
8PSK,18,False,CW+Top10+AMC,0.005,0.0
8PSK,18,False,Clean+Top10,0.175,-1
8PSK,18,False,CW+Top20,1.0,0.255
8PSK,18,False,CW+Top20+AMC,0.26,0.255
8PSK,18,False,Clean+Top20,1.0,-1
8PSK,18,False,CW+Top50,1.0,0.27
8PSK,18,False,CW+Top50+AMC,0.27,0.27
8PSK,18,False,Clean+Top50,1.0,-1
8PSK,18,True,Clean,1.0,0.96
8PSK,18,True,Clean+AMC,0.965,0.96
8PSK,18,True,CW,1.0,0.0
8PSK,18,True,CW+AMC,0.005,0.0
8PSK,18,True,CW+Top10,1.0,0.0
8PSK,18,True,CW+Top10+AMC,0.0,0.0
8PSK,18,True,Clean+Top10,1.0,-1
8PSK,18,True,CW+Top20,1.0,0.23
8PSK,18,True,CW+Top20+AMC,0.24,0.23
8PSK,18,True,Clean+Top20,1.0,-1
8PSK,18,True,CW+Top50,1.0,0.25
8PSK,18,True,CW+Top50+AMC,0.255,0.25
8PSK,18,True,Clean+Top50,1.0,-1
QAM16,18,False,Clean,1.0,0.78
QAM16,18,False,Clean+AMC,0.78,0.78
QAM16,18,False,CW,1.0,0.005
QAM16,18,False,CW+AMC,0.005,0.005
QAM16,18,False,CW+Top10,0.02,0.09
QAM16,18,False,CW+Top10+AMC,0.0,0.09
QAM16,18,False,Clean+Top10,0.01,-1
QAM16,18,False,CW+Top20,0.985,0.405
QAM16,18,False,CW+Top20+AMC,0.395,0.405
QAM16,18,False,Clean+Top20,0.985,-1
QAM16,18,False,CW+Top50,1.0,0.385
QAM16,18,False,CW+Top50+AMC,0.385,0.385
QAM16,18,False,Clean+Top50,1.0,-1
QAM16,18,True,Clean,1.0,0.825
QAM16,18,True,Clean+AMC,0.825,0.825
QAM16,18,True,CW,1.0,0.0
QAM16,18,True,CW+AMC,0.005,0.0
QAM16,18,True,CW+Top10,1.0,0.055
QAM16,18,True,CW+Top10+AMC,0.055,0.055
QAM16,18,True,Clean+Top10,1.0,-1
QAM16,18,True,CW+Top20,1.0,0.32
QAM16,18,True,CW+Top20+AMC,0.325,0.32
QAM16,18,True,Clean+Top20,1.0,-1
QAM16,18,True,CW+Top50,1.0,0.32
QAM16,18,True,CW+Top50+AMC,0.32,0.32
QAM16,18,True,Clean+Top50,1.0,-1
QAM64,18,False,Clean,0.965,0.89
QAM64,18,False,Clean+AMC,0.855,0.89
QAM64,18,False,CW,0.935,0.0
QAM64,18,False,CW+AMC,0.0,0.0
QAM64,18,False,CW+Top10,0.0,0.93
QAM64,18,False,CW+Top10+AMC,0.0,0.93
QAM64,18,False,Clean+Top10,0.0,-1
QAM64,18,False,CW+Top20,0.43,0.865
QAM64,18,False,CW+Top20+AMC,0.38,0.865
QAM64,18,False,Clean+Top20,0.42,-1
QAM64,18,False,CW+Top50,0.93,0.775
QAM64,18,False,CW+Top50+AMC,0.72,0.775
QAM64,18,False,Clean+Top50,0.95,-1
QAM64,18,True,Clean,1.0,0.885
QAM64,18,True,Clean+AMC,0.885,0.885
QAM64,18,True,CW,1.0,0.0
QAM64,18,True,CW+AMC,0.01,0.0
QAM64,18,True,CW+Top10,0.935,0.915
QAM64,18,True,CW+Top10+AMC,0.86,0.915
QAM64,18,True,Clean+Top10,0.93,-1
QAM64,18,True,CW+Top20,1.0,0.855
QAM64,18,True,CW+Top20+AMC,0.855,0.855
QAM64,18,True,Clean+Top20,1.0,-1
QAM64,18,True,CW+Top50,1.0,0.74
QAM64,18,True,CW+Top50+AMC,0.74,0.74
QAM64,18,True,Clean+Top50,1.0,-1
PAM4,18,False,Clean,1.0,0.995
PAM4,18,False,Clean+AMC,0.995,0.995
PAM4,18,False,CW,1.0,0.035
PAM4,18,False,CW+AMC,0.035,0.035
PAM4,18,False,CW+Top10,0.08,0.845
PAM4,18,False,CW+Top10+AMC,0.075,0.845
PAM4,18,False,Clean+Top10,0.09,-1
PAM4,18,False,CW+Top20,0.995,0.915
PAM4,18,False,CW+Top20+AMC,0.91,0.915
PAM4,18,False,Clean+Top20,1.0,-1
PAM4,18,False,CW+Top50,1.0,0.765
PAM4,18,False,CW+Top50+AMC,0.765,0.765
PAM4,18,False,Clean+Top50,1.0,-1
PAM4,18,True,Clean,1.0,0.995
PAM4,18,True,Clean+AMC,0.995,0.995
PAM4,18,True,CW,1.0,0.025
PAM4,18,True,CW+AMC,0.03,0.025
PAM4,18,True,CW+Top10,1.0,0.89
PAM4,18,True,CW+Top10+AMC,0.89,0.89
PAM4,18,True,Clean+Top10,1.0,-1
PAM4,18,True,CW+Top20,1.0,0.92
PAM4,18,True,CW+Top20+AMC,0.92,0.92
PAM4,18,True,Clean+Top20,1.0,-1
PAM4,18,True,CW+Top50,1.0,0.795
PAM4,18,True,CW+Top50+AMC,0.8,0.795
PAM4,18,True,Clean+Top50,1.0,-1
BPSK,0,False,Clean,0.99,0.81
BPSK,0,False,Clean+AMC,0.8,0.81
BPSK,0,False,CW,0.985,0.0
BPSK,0,False,CW+AMC,0.0,0.0
BPSK,0,False,CW+Top10,0.83,0.0
BPSK,0,False,CW+Top10+AMC,0.0,0.0
BPSK,0,False,Clean+Top10,0.835,-1
BPSK,0,False,CW+Top20,0.965,0.13
BPSK,0,False,CW+Top20+AMC,0.125,0.13
BPSK,0,False,Clean+Top20,0.98,-1
BPSK,0,False,CW+Top50,0.985,0.395
BPSK,0,False,CW+Top50+AMC,0.395,0.395
BPSK,0,False,Clean+Top50,0.985,-1
BPSK,0,True,Clean,1.0,0.765
BPSK,0,True,Clean+AMC,0.77,0.765
BPSK,0,True,CW,1.0,0.0
BPSK,0,True,CW+AMC,0.01,0.0
BPSK,0,True,CW+Top10,1.0,0.005
BPSK,0,True,CW+Top10+AMC,0.01,0.005
BPSK,0,True,Clean+Top10,1.0,-1
BPSK,0,True,CW+Top20,1.0,0.105
BPSK,0,True,CW+Top20+AMC,0.11,0.105
BPSK,0,True,Clean+Top20,1.0,-1
BPSK,0,True,CW+Top50,1.0,0.375
BPSK,0,True,CW+Top50+AMC,0.38,0.375
BPSK,0,True,Clean+Top50,1.0,-1
QPSK,0,False,Clean,0.615,0.46
QPSK,0,False,Clean+AMC,0.275,0.46
QPSK,0,False,CW,0.61,0.0
QPSK,0,False,CW+AMC,0.0,0.0
QPSK,0,False,CW+Top10,0.185,0.0
QPSK,0,False,CW+Top10+AMC,0.0,0.0
QPSK,0,False,Clean+Top10,0.19,-1
QPSK,0,False,CW+Top20,0.395,0.03
QPSK,0,False,CW+Top20+AMC,0.02,0.03
QPSK,0,False,Clean+Top20,0.4,-1
QPSK,0,False,CW+Top50,0.6,0.24
QPSK,0,False,CW+Top50+AMC,0.15,0.24
QPSK,0,False,Clean+Top50,0.59,-1
QPSK,0,True,Clean,1.0,0.455
QPSK,0,True,Clean+AMC,0.455,0.455
QPSK,0,True,CW,1.0,0.0
QPSK,0,True,CW+AMC,0.005,0.0
QPSK,0,True,CW+Top10,1.0,0.0
QPSK,0,True,CW+Top10+AMC,0.0,0.0
QPSK,0,True,Clean+Top10,1.0,-1
QPSK,0,True,CW+Top20,1.0,0.04
QPSK,0,True,CW+Top20+AMC,0.04,0.04
QPSK,0,True,Clean+Top20,1.0,-1
QPSK,0,True,CW+Top50,1.0,0.225
QPSK,0,True,CW+Top50+AMC,0.225,0.225
QPSK,0,True,Clean+Top50,1.0,-1
8PSK,0,False,Clean,0.01,0.37
8PSK,0,False,Clean+AMC,0.005,0.37
8PSK,0,False,CW,0.01,0.0
8PSK,0,False,CW+AMC,0.01,0.0
8PSK,0,False,CW+Top10,0.015,0.0
8PSK,0,False,CW+Top10+AMC,0.0,0.0
8PSK,0,False,Clean+Top10,0.015,-1
8PSK,0,False,CW+Top20,0.01,0.085
8PSK,0,False,CW+Top20+AMC,0.0,0.085
8PSK,0,False,Clean+Top20,0.01,-1
8PSK,0,False,CW+Top50,0.005,0.305
8PSK,0,False,CW+Top50+AMC,0.0,0.305
8PSK,0,False,Clean+Top50,0.005,-1
8PSK,0,True,Clean,1.0,0.38
8PSK,0,True,Clean+AMC,0.38,0.38
8PSK,0,True,CW,1.0,0.0
8PSK,0,True,CW+AMC,0.0,0.0
8PSK,0,True,CW+Top10,0.995,0.0
8PSK,0,True,CW+Top10+AMC,0.0,0.0
8PSK,0,True,Clean+Top10,0.995,-1
8PSK,0,True,CW+Top20,0.995,0.1
8PSK,0,True,CW+Top20+AMC,0.1,0.1
8PSK,0,True,Clean+Top20,0.995,-1
8PSK,0,True,CW+Top50,1.0,0.35
8PSK,0,True,CW+Top50+AMC,0.35,0.35
8PSK,0,True,Clean+Top50,1.0,-1
QAM16,0,False,Clean,0.015,0.625
QAM16,0,False,Clean+AMC,0.015,0.625
QAM16,0,False,CW,0.015,0.005
QAM16,0,False,CW+AMC,0.0,0.005
QAM16,0,False,CW+Top10,0.0,0.1
QAM16,0,False,CW+Top10+AMC,0.01,0.1
QAM16,0,False,Clean+Top10,0.0,-1
QAM16,0,False,CW+Top20,0.005,0.32
QAM16,0,False,CW+Top20+AMC,0.0,0.32
QAM16,0,False,Clean+Top20,0.005,-1
QAM16,0,False,CW+Top50,0.005,0.6
QAM16,0,False,CW+Top50+AMC,0.02,0.6
QAM16,0,False,Clean+Top50,0.005,-1
QAM16,0,True,Clean,0.83,0.64
QAM16,0,True,Clean+AMC,0.545,0.64
QAM16,0,True,CW,0.83,0.0
QAM16,0,True,CW+AMC,0.005,0.0
QAM16,0,True,CW+Top10,0.645,0.1
QAM16,0,True,CW+Top10+AMC,0.07,0.1
QAM16,0,True,Clean+Top10,0.65,-1
QAM16,0,True,CW+Top20,0.78,0.405
QAM16,0,True,CW+Top20+AMC,0.315,0.405
QAM16,0,True,Clean+Top20,0.785,-1
QAM16,0,True,CW+Top50,0.825,0.55
QAM16,0,True,CW+Top50+AMC,0.445,0.55
QAM16,0,True,Clean+Top50,0.825,-1
QAM64,0,False,Clean,0.0,0.175
QAM64,0,False,Clean+AMC,0.005,0.175
QAM64,0,False,CW,0.0,0.0
QAM64,0,False,CW+AMC,0.005,0.0
QAM64,0,False,CW+Top10,0.015,0.89
QAM64,0,False,CW+Top10+AMC,0.015,0.89
QAM64,0,False,Clean+Top10,0.015,-1
QAM64,0,False,CW+Top20,0.0,0.725
QAM64,0,False,CW+Top20+AMC,0.0,0.725
QAM64,0,False,Clean+Top20,0.0,-1
QAM64,0,False,CW+Top50,0.0,0.22
QAM64,0,False,CW+Top50+AMC,0.005,0.22
QAM64,0,False,Clean+Top50,0.0,-1
QAM64,0,True,Clean,0.035,0.225
QAM64,0,True,Clean+AMC,0.005,0.225
QAM64,0,True,CW,0.035,0.0
QAM64,0,True,CW+AMC,0.0,0.0
QAM64,0,True,CW+Top10,0.01,0.9
QAM64,0,True,CW+Top10+AMC,0.005,0.9
QAM64,0,True,Clean+Top10,0.01,-1
QAM64,0,True,CW+Top20,0.01,0.68
QAM64,0,True,CW+Top20+AMC,0.01,0.68
QAM64,0,True,Clean+Top20,0.01,-1
QAM64,0,True,CW+Top50,0.03,0.275
QAM64,0,True,CW+Top50+AMC,0.01,0.275
QAM64,0,True,Clean+Top50,0.03,-1
PAM4,0,False,Clean,0.035,0.76
PAM4,0,False,Clean+AMC,0.02,0.76
PAM4,0,False,CW,0.03,0.0
PAM4,0,False,CW+AMC,0.005,0.0
PAM4,0,False,CW+Top10,0.005,0.535
PAM4,0,False,CW+Top10+AMC,0.005,0.535
PAM4,0,False,Clean+Top10,0.005,-1
PAM4,0,False,CW+Top20,0.01,0.64
PAM4,0,False,CW+Top20+AMC,0.01,0.64
PAM4,0,False,Clean+Top20,0.015,-1
PAM4,0,False,CW+Top50,0.03,0.74
PAM4,0,False,CW+Top50+AMC,0.015,0.74
PAM4,0,False,Clean+Top50,0.035,-1
PAM4,0,True,Clean,0.945,0.785
PAM4,0,True,Clean+AMC,0.75,0.785
PAM4,0,True,CW,0.945,0.0
PAM4,0,True,CW+AMC,0.0,0.0
PAM4,0,True,CW+Top10,0.935,0.615
PAM4,0,True,CW+Top10+AMC,0.595,0.615
PAM4,0,True,Clean+Top10,0.94,-1
PAM4,0,True,CW+Top20,0.945,0.68
PAM4,0,True,CW+Top20+AMC,0.655,0.68
PAM4,0,True,Clean+Top20,0.945,-1
PAM4,0,True,CW+Top50,0.945,0.755
PAM4,0,True,CW+Top50+AMC,0.725,0.755
PAM4,0,True,Clean+Top50,0.945,-1
