rank,approach,accuracy,k_mean,k_std,BPSK,QPSK,8PSK,QAM16,QAM64,PAM4,CPFSK,GFSK,AM-DSB,AM-SSB,WBFM
1,K_oracle,0.854318,28.0,22.1,0.8900,0.9040,0.5925,0.8735,0.9860,0.9925,0.9670,0.9885,0.9970,0.7920,0.4145
2,E_knee_5pct_x1.0,0.743636,33.9,21.7,0.8530,0.8370,0.3990,0.4880,0.7650,0.9690,0.9435,0.8845,0.9630,0.7490,0.3290
3,E_knee_10pct_x1.5,0.736364,30.5,18.9,0.8460,0.8285,0.3660,0.4845,0.7465,0.9690,0.9470,0.8755,0.9815,0.7490,0.3065
4,C_ecb_99_direct,0.736000,38.6,22.2,0.8515,0.8370,0.4105,0.4870,0.7735,0.9700,0.9455,0.8325,0.9225,0.7490,0.3170
5,C_ecb_99_x1.0,0.736000,38.6,22.2,0.8515,0.8370,0.4105,0.4870,0.7735,0.9700,0.9455,0.8325,0.9225,0.7490,0.3170
6,E_knee_5pct_x1.5,0.735636,41.9,21.9,0.8525,0.8345,0.4155,0.4910,0.6740,0.9665,0.9455,0.8635,0.9620,0.7490,0.3380
7,E_knee_10pct_x1.0,0.734455,23.7,18.8,0.8340,0.8295,0.3950,0.4940,0.8315,0.9725,0.9390,0.7705,0.9840,0.7490,0.2800
8,C_ecb_95_x1.5,0.733682,30.0,20.2,0.8465,0.8370,0.3855,0.4835,0.7920,0.9730,0.9400,0.8355,0.9485,0.7490,0.2800
9,C_ecb_95_x1.25,0.733545,26.7,20.4,0.8350,0.8335,0.3970,0.4930,0.8370,0.9755,0.9375,0.7845,0.9455,0.7490,0.2815
10,C_ecb_99_x1.25,0.733227,42.6,21.9,0.8515,0.8360,0.4090,0.4890,0.7320,0.9680,0.9460,0.8300,0.9240,0.7490,0.3310
11,C_ecb_99_x1.5,0.729500,45.8,21.0,0.8530,0.8350,0.4200,0.4895,0.6895,0.9675,0.9460,0.8210,0.9250,0.7490,0.3290
12,E_knee_10pct_x2.0,0.727545,39.4,21.0,0.8485,0.8310,0.3850,0.4725,0.6535,0.9690,0.9440,0.8695,0.9810,0.7490,0.3000
13,E_knee_5pct_x2.0,0.719636,49.2,21.5,0.8515,0.8305,0.4085,0.4560,0.5855,0.9585,0.9465,0.8310,0.9630,0.7490,0.3360
14,C_ecb_90_x1.5,0.719000,23.9,19.0,0.8000,0.8120,0.3755,0.4855,0.8375,0.9770,0.9360,0.7075,0.9675,0.7490,0.2615
15,E_knee_5pct_x0.75,0.717045,28.9,21.3,0.7520,0.7965,0.3085,0.4045,0.8270,0.9725,0.9420,0.8330,0.9670,0.7490,0.3355
16,D_rolloff_95_x1.0,0.693773,56.0,20.7,0.8455,0.8240,0.4025,0.4250,0.5375,0.9540,0.9460,0.7420,0.9510,0.7490,0.2550
17,D_rolloff_95_x0.5,0.693682,55.2,20.9,0.8455,0.8240,0.4025,0.4250,0.5375,0.9540,0.9460,0.7420,0.9535,0.7490,0.2515
18,D_rolloff_95_x0.75,0.693227,55.8,20.7,0.8455,0.8240,0.4025,0.4250,0.5375,0.9540,0.9460,0.7420,0.9465,0.7490,0.2535
19,D_rolloff_85_x1.0,0.690591,53.7,22.8,0.8455,0.8240,0.4025,0.4250,0.5375,0.9540,0.9460,0.7155,0.9700,0.7490,0.2275
20,D_rolloff_85_x0.75,0.690455,53.5,22.9,0.8455,0.8240,0.4025,0.4250,0.5375,0.9540,0.9460,0.7100,0.9755,0.7490,0.2260
21,C_ecb_99_x0.75,0.687682,33.4,22.1,0.7130,0.7645,0.2425,0.3070,0.8370,0.9725,0.9315,0.8135,0.9250,0.7490,0.3090
22,D_rolloff_85_x0.5,0.683727,52.0,22.9,0.8455,0.8240,0.4025,0.4250,0.5375,0.9545,0.9460,0.7070,0.9750,0.6750,0.2290
23,C_ecb_90_x1.25,0.664682,21.7,18.7,0.6110,0.7345,0.2760,0.3950,0.8490,0.9785,0.8820,0.6085,0.9665,0.7490,0.2615
24,C_ecb_95_direct,0.648227,23.7,20.3,0.6100,0.6440,0.1710,0.2670,0.8695,0.9750,0.9030,0.7245,0.9460,0.7490,0.2715
25,C_ecb_95_x1.0,0.648227,23.7,20.3,0.6100,0.6440,0.1710,0.2670,0.8695,0.9750,0.9030,0.7245,0.9460,0.7490,0.2715
26,E_knee_10pct_x0.75,0.627136,20.1,18.6,0.5635,0.5585,0.1235,0.2180,0.8835,0.9785,0.8935,0.6680,0.9840,0.7490,0.2785
27,C_ecb_99_x0.5,0.606227,25.1,19.5,0.4955,0.5230,0.1415,0.1955,0.9015,0.9650,0.7100,0.7730,0.9345,0.7490,0.2800
28,A_entropy_quantile,0.590591,22.7,20.3,0.3810,0.6605,0.2360,0.3175,0.8410,0.9715,0.6150,0.4765,0.9475,0.7490,0.3010
29,G_eiggap_x3.0,0.589455,34.0,24.5,0.7245,0.7625,0.3500,0.4325,0.6015,0.9460,0.8000,0.5530,0.9840,0.1115,0.2185
30,B_kurtosis_quantile,0.585955,22.7,20.2,0.4205,0.5850,0.2265,0.3535,0.7820,0.9700,0.5345,0.5190,0.9550,0.7355,0.3640
31,G_eiggap_x2.0,0.580227,23.7,17.6,0.6900,0.7340,0.3165,0.4535,0.7005,0.9515,0.7620,0.5050,0.9840,0.0620,0.2235
32,G_eiggap_x1.5,0.571045,17.8,12.5,0.6630,0.7210,0.3160,0.4680,0.7510,0.9460,0.7330,0.4405,0.9840,0.0325,0.2265
33,H_spread_quantile,0.560364,22.7,20.3,0.5155,0.5535,0.2650,0.3900,0.7620,0.9700,0.7590,0.6625,0.9500,0.0000,0.3365
34,G_eiggap_x1.0,0.540864,11.9,7.9,0.5710,0.6185,0.3155,0.4530,0.8250,0.9495,0.6430,0.3590,0.9840,0.0060,0.2250
35,C_ecb_90_direct,0.530864,18.7,18.1,0.2635,0.3490,0.0650,0.1385,0.9045,0.9750,0.6375,0.5320,0.9695,0.7490,0.2560
36,C_ecb_90_x1.0,0.530864,18.7,18.1,0.2635,0.3490,0.0650,0.1385,0.9045,0.9750,0.6375,0.5320,0.9695,0.7490,0.2560
37,C_ecb_95_x0.75,0.515773,19.8,19.2,0.2320,0.2905,0.0610,0.0990,0.9200,0.9715,0.5385,0.6000,0.9530,0.7490,0.2590
38,J_ent3grp_5.2_6.0_10_20_64,0.445455,15.4,16.0,0.0255,0.0055,0.0015,0.0480,0.9420,0.9695,0.0940,0.7600,0.9265,0.7490,0.3785
39,C_ecb_95_x0.5,0.424409,13.7,14.2,0.1265,0.0685,0.0195,0.0485,0.9290,0.9555,0.1940,0.4610,0.9565,0.6715,0.2380
40,C_ecb_90_x0.75,0.424273,15.3,17.6,0.0855,0.0495,0.0215,0.0480,0.9375,0.9655,0.1705,0.4320,0.9700,0.7490,0.2380
41,I_hybrid_ent0.3_ecb0.7,0.421455,22.5,15.6,0.7460,0.4810,0.1015,0.1220,0.2450,0.8020,0.8615,0.2715,0.7100,0.0355,0.2600
42,J_ent3grp_5.0_6.0_8_20_50,0.414955,12.4,12.5,0.0245,0.0035,0.0015,0.0440,0.9285,0.9630,0.0340,0.5935,0.9245,0.6715,0.3760
43,J_ent3grp_5.0_5.8_8_15_50,0.412682,12.3,12.4,0.0110,0.0010,0.0000,0.0440,0.9285,0.9635,0.0260,0.5935,0.9245,0.6715,0.3760
44,I_hybrid_ent0.7_ecb0.3,0.411000,29.4,15.0,0.7455,0.4545,0.1005,0.1285,0.1890,0.8060,0.8615,0.2510,0.6700,0.0395,0.2750
45,I_hybrid_ent_knee,0.398000,29.2,16.8,0.7435,0.4185,0.0350,0.0270,0.0530,0.7850,0.8655,0.2785,0.6970,0.1965,0.2785
46,B_kurtosis_linear,0.396545,43.4,21.5,0.7370,0.4005,0.0320,0.0140,0.0200,0.7870,0.8605,0.2235,0.9840,0.1115,0.1920
47,C_ecb_90_x0.5,0.388227,11.1,13.7,0.0480,0.0125,0.0035,0.0905,0.8640,0.9450,0.0640,0.3890,0.9725,0.6705,0.2110
48,J_ent3grp_4.8_5.5_5_15_50,0.383727,9.8,13.5,0.0110,0.0025,0.0040,0.2355,0.6795,0.9450,0.0225,0.3620,0.9385,0.6715,0.3490
49,I_hybrid_ent0.5_ecb0.5,0.370545,26.0,15.1,0.7405,0.3950,0.0280,0.0045,0.0060,0.7820,0.8610,0.2735,0.6770,0.0355,0.2730
50,A_entropy_linear,0.367864,34.6,15.6,0.7395,0.3960,0.0260,0.0035,0.0035,0.7760,0.8610,0.2465,0.6705,0.0540,0.2700
51,F_mdl_x5.0,0.366318,7.8,8.5,0.0555,0.0025,0.0105,0.2325,0.6815,0.9490,0.0385,0.7655,0.9385,0.0000,0.3555
52,H_spread_linear,0.359136,50.0,18.4,0.7345,0.3890,0.0215,0.0035,0.0035,0.7755,0.8575,0.2100,0.6580,0.0335,0.2640
53,A_entropy_thresh_fine,0.270409,8.3,18.2,0.0070,0.0005,0.0000,0.2225,0.0545,0.5370,0.0010,0.2335,0.9840,0.7490,0.1855
54,A_entropy_thresh_coarse,0.267455,8.1,18.2,0.0065,0.0005,0.0000,0.2180,0.0525,0.5220,0.0005,0.2265,0.9840,0.7460,0.1855
55,J_5group_ent_ecb,0.263091,7.2,14.3,0.0140,0.0020,0.0000,0.2180,0.0525,0.5230,0.0135,0.2300,0.9840,0.6715,0.1855
56,F_mdl_x3.0,0.257409,4.0,6.1,0.0450,0.0005,0.0080,0.2170,0.0635,0.5555,0.0125,0.6290,0.9840,0.0000,0.3165
57,F_mdl_x2.0,0.250409,3.3,4.1,0.0415,0.0005,0.0075,0.2165,0.0635,0.5545,0.0095,0.5535,0.9840,0.0000,0.3235
58,F_mdl_x1.0,0.227500,2.5,1.8,0.0390,0.0005,0.0075,0.2185,0.0530,0.5345,0.0065,0.3380,0.9840,0.0000,0.3210
