norm_mode,modulation,snr,sample_type,n_samples,attack_acc,top10_acc,top20_acc
minmax,8PSK,18,intact,50,98.0,98.0,98.0
minmax,8PSK,18,apgd,50,0.0,0.0,0.0
minmax,8PSK,18,bim,50,0.0,0.0,0.0
minmax,8PSK,18,cw,50,0.0,0.0,48.0
minmax,8PSK,18,deepfool,50,96.0,0.0,94.0
minmax,8PSK,18,eaden,50,0.0,0.0,56.0
minmax,8PSK,18,eadl1,50,0.0,0.0,60.0
minmax,8PSK,18,eotpgd,50,0.0,0.0,0.0
minmax,8PSK,18,ffgsm,50,0.0,0.0,0.0
minmax,8PSK,18,fgsm,50,0.0,0.0,0.0
minmax,8PSK,18,jitter,50,0.0,0.0,0.0
minmax,8PSK,18,mifgsm,50,0.0,0.0,0.0
minmax,8PSK,18,pgd,50,0.0,0.0,0.0
minmax,8PSK,18,pgdl2,50,0.0,0.0,0.0
minmax,8PSK,18,rfgsm,50,0.0,0.0,0.0
minmax,8PSK,18,upgd,50,0.0,0.0,0.0
minmax,8PSK,18,vmifgsm,50,0.0,0.0,0.0
minmax,8PSK,18,vnifgsm,50,0.0,0.0,0.0
minmax,AM-DSB,18,intact,50,100.0,100.0,100.0
minmax,AM-DSB,18,apgd,50,30.0,30.0,30.0
minmax,AM-DSB,18,bim,50,28.0,28.0,28.0
minmax,AM-DSB,18,cw,50,28.0,100.0,84.0
minmax,AM-DSB,18,deepfool,50,94.0,80.0,92.0
minmax,AM-DSB,18,eaden,50,0.0,98.0,98.0
minmax,AM-DSB,18,eadl1,50,0.0,98.0,90.0
minmax,AM-DSB,18,eotpgd,50,30.0,32.0,30.0
minmax,AM-DSB,18,ffgsm,50,34.0,40.0,36.0
minmax,AM-DSB,18,fgsm,50,64.0,68.0,62.0
minmax,AM-DSB,18,jitter,50,30.0,30.0,30.0
minmax,AM-DSB,18,mifgsm,50,36.0,50.0,42.0
minmax,AM-DSB,18,pgd,50,28.0,28.0,28.0
minmax,AM-DSB,18,pgdl2,50,26.0,28.0,26.0
minmax,AM-DSB,18,rfgsm,50,28.0,30.0,30.0
minmax,AM-DSB,18,upgd,50,36.0,50.0,42.0
minmax,AM-DSB,18,vmifgsm,50,32.0,42.0,36.0
minmax,AM-DSB,18,vnifgsm,50,30.0,40.0,32.0
minmax,AM-SSB,18,intact,50,92.0,92.0,92.0
minmax,AM-SSB,18,apgd,50,0.0,0.0,0.0
minmax,AM-SSB,18,bim,50,0.0,0.0,0.0
minmax,AM-SSB,18,cw,50,0.0,0.0,0.0
minmax,AM-SSB,18,deepfool,50,84.0,0.0,0.0
minmax,AM-SSB,18,eaden,50,0.0,0.0,0.0
minmax,AM-SSB,18,eadl1,50,0.0,0.0,0.0
minmax,AM-SSB,18,eotpgd,50,0.0,0.0,0.0
minmax,AM-SSB,18,ffgsm,50,0.0,0.0,0.0
minmax,AM-SSB,18,fgsm,50,0.0,0.0,2.0
minmax,AM-SSB,18,jitter,50,6.0,0.0,6.0
minmax,AM-SSB,18,mifgsm,50,0.0,0.0,0.0
minmax,AM-SSB,18,pgd,50,0.0,0.0,0.0
minmax,AM-SSB,18,pgdl2,50,0.0,0.0,0.0
minmax,AM-SSB,18,rfgsm,50,0.0,0.0,0.0
minmax,AM-SSB,18,upgd,50,0.0,0.0,0.0
minmax,AM-SSB,18,vmifgsm,50,0.0,0.0,0.0
minmax,AM-SSB,18,vnifgsm,50,0.0,0.0,0.0
minmax,BPSK,18,intact,50,96.0,96.0,96.0
minmax,BPSK,18,apgd,50,0.0,2.0,0.0
minmax,BPSK,18,bim,50,0.0,2.0,6.0
minmax,BPSK,18,cw,50,30.0,2.0,70.0
minmax,BPSK,18,deepfool,50,96.0,2.0,94.0
minmax,BPSK,18,eaden,50,0.0,2.0,68.0
minmax,BPSK,18,eadl1,50,0.0,2.0,70.0
minmax,BPSK,18,eotpgd,50,0.0,2.0,20.0
minmax,BPSK,18,ffgsm,50,32.0,0.0,16.0
minmax,BPSK,18,fgsm,50,14.0,0.0,4.0
minmax,BPSK,18,jitter,50,0.0,2.0,6.0
minmax,BPSK,18,mifgsm,50,10.0,2.0,8.0
minmax,BPSK,18,pgd,50,0.0,2.0,12.0
minmax,BPSK,18,pgdl2,50,2.0,2.0,12.0
minmax,BPSK,18,rfgsm,50,0.0,0.0,8.0
minmax,BPSK,18,upgd,50,10.0,2.0,8.0
minmax,BPSK,18,vmifgsm,50,6.0,2.0,6.0
minmax,BPSK,18,vnifgsm,50,0.0,2.0,6.0
minmax,CPFSK,18,intact,50,100.0,100.0,100.0
minmax,CPFSK,18,apgd,50,0.0,2.0,0.0
minmax,CPFSK,18,bim,50,2.0,2.0,4.0
minmax,CPFSK,18,cw,50,14.0,4.0,62.0
minmax,CPFSK,18,deepfool,50,80.0,4.0,86.0
minmax,CPFSK,18,eaden,50,0.0,2.0,82.0
minmax,CPFSK,18,eadl1,50,0.0,2.0,80.0
minmax,CPFSK,18,eotpgd,50,0.0,4.0,0.0
minmax,CPFSK,18,ffgsm,50,40.0,2.0,26.0
minmax,CPFSK,18,fgsm,50,22.0,2.0,16.0
minmax,CPFSK,18,jitter,50,2.0,2.0,4.0
minmax,CPFSK,18,mifgsm,50,12.0,2.0,22.0
minmax,CPFSK,18,pgd,50,0.0,2.0,6.0
minmax,CPFSK,18,pgdl2,50,2.0,4.0,10.0
minmax,CPFSK,18,rfgsm,50,0.0,4.0,0.0
minmax,CPFSK,18,upgd,50,12.0,2.0,22.0
minmax,CPFSK,18,vmifgsm,50,16.0,4.0,20.0
minmax,CPFSK,18,vnifgsm,50,4.0,4.0,14.0
minmax,GFSK,18,intact,50,100.0,100.0,100.0
minmax,GFSK,18,apgd,50,0.0,24.0,0.0
minmax,GFSK,18,bim,50,0.0,16.0,0.0
minmax,GFSK,18,cw,50,0.0,68.0,98.0
minmax,GFSK,18,deepfool,50,56.0,76.0,80.0
minmax,GFSK,18,eaden,50,0.0,70.0,98.0
minmax,GFSK,18,eadl1,50,0.0,68.0,98.0
minmax,GFSK,18,eotpgd,50,0.0,24.0,0.0
minmax,GFSK,18,ffgsm,50,30.0,40.0,36.0
minmax,GFSK,18,fgsm,50,26.0,30.0,34.0
minmax,GFSK,18,jitter,50,0.0,34.0,0.0
minmax,GFSK,18,mifgsm,50,2.0,18.0,2.0
minmax,GFSK,18,pgd,50,0.0,24.0,0.0
minmax,GFSK,18,pgdl2,50,0.0,14.0,0.0
minmax,GFSK,18,rfgsm,50,0.0,20.0,0.0
minmax,GFSK,18,upgd,50,2.0,18.0,2.0
minmax,GFSK,18,vmifgsm,50,0.0,10.0,0.0
minmax,GFSK,18,vnifgsm,50,0.0,24.0,0.0
minmax,PAM4,18,intact,50,100.0,100.0,100.0
minmax,PAM4,18,apgd,50,0.0,20.0,2.0
minmax,PAM4,18,bim,50,0.0,32.0,2.0
minmax,PAM4,18,cw,50,4.0,92.0,90.0
minmax,PAM4,18,deepfool,50,94.0,100.0,98.0
minmax,PAM4,18,eaden,50,0.0,98.0,98.0
minmax,PAM4,18,eadl1,50,0.0,98.0,98.0
minmax,PAM4,18,eotpgd,50,0.0,46.0,4.0
minmax,PAM4,18,ffgsm,50,60.0,76.0,64.0
minmax,PAM4,18,fgsm,50,60.0,74.0,58.0
minmax,PAM4,18,jitter,50,2.0,50.0,10.0
minmax,PAM4,18,mifgsm,50,4.0,74.0,42.0
minmax,PAM4,18,pgd,50,0.0,38.0,4.0
minmax,PAM4,18,pgdl2,50,0.0,52.0,8.0
minmax,PAM4,18,rfgsm,50,0.0,32.0,2.0
minmax,PAM4,18,upgd,50,4.0,74.0,42.0
minmax,PAM4,18,vmifgsm,50,2.0,70.0,44.0
minmax,PAM4,18,vnifgsm,50,0.0,70.0,30.0
minmax,QAM16,18,intact,50,96.0,96.0,96.0
minmax,QAM16,18,apgd,50,0.0,2.0,0.0
minmax,QAM16,18,bim,50,0.0,6.0,0.0
minmax,QAM16,18,cw,50,0.0,10.0,56.0
minmax,QAM16,18,deepfool,50,92.0,8.0,82.0
minmax,QAM16,18,eaden,50,0.0,8.0,54.0
minmax,QAM16,18,eadl1,50,0.0,10.0,60.0
minmax,QAM16,18,eotpgd,50,0.0,0.0,0.0
minmax,QAM16,18,ffgsm,50,8.0,4.0,2.0
minmax,QAM16,18,fgsm,50,6.0,0.0,2.0
minmax,QAM16,18,jitter,50,0.0,4.0,0.0
minmax,QAM16,18,mifgsm,50,0.0,6.0,0.0
minmax,QAM16,18,pgd,50,0.0,4.0,0.0
minmax,QAM16,18,pgdl2,50,0.0,6.0,0.0
minmax,QAM16,18,rfgsm,50,0.0,4.0,0.0
minmax,QAM16,18,upgd,50,0.0,6.0,0.0
minmax,QAM16,18,vmifgsm,50,0.0,4.0,0.0
minmax,QAM16,18,vnifgsm,50,0.0,0.0,0.0
minmax,QAM64,18,intact,50,92.0,92.0,92.0
minmax,QAM64,18,apgd,50,0.0,90.0,12.0
minmax,QAM64,18,bim,50,0.0,94.0,4.0
minmax,QAM64,18,cw,50,0.0,98.0,80.0
minmax,QAM64,18,deepfool,50,86.0,94.0,92.0
minmax,QAM64,18,eaden,50,0.0,98.0,90.0
minmax,QAM64,18,eadl1,50,0.0,98.0,92.0
minmax,QAM64,18,eotpgd,50,0.0,96.0,4.0
minmax,QAM64,18,ffgsm,50,50.0,94.0,76.0
minmax,QAM64,18,fgsm,50,66.0,94.0,90.0
minmax,QAM64,18,jitter,50,0.0,94.0,6.0
minmax,QAM64,18,mifgsm,50,0.0,98.0,2.0
minmax,QAM64,18,pgd,50,0.0,96.0,4.0
minmax,QAM64,18,pgdl2,50,0.0,98.0,2.0
minmax,QAM64,18,rfgsm,50,0.0,92.0,0.0
minmax,QAM64,18,upgd,50,0.0,98.0,2.0
minmax,QAM64,18,vmifgsm,50,0.0,94.0,8.0
minmax,QAM64,18,vnifgsm,50,0.0,94.0,4.0
minmax,QPSK,18,intact,50,96.0,96.0,96.0
minmax,QPSK,18,apgd,50,0.0,0.0,0.0
minmax,QPSK,18,bim,50,0.0,0.0,0.0
minmax,QPSK,18,cw,50,0.0,0.0,74.0
minmax,QPSK,18,deepfool,50,90.0,0.0,90.0
minmax,QPSK,18,eaden,50,0.0,0.0,86.0
minmax,QPSK,18,eadl1,50,0.0,0.0,84.0
minmax,QPSK,18,eotpgd,50,0.0,0.0,0.0
minmax,QPSK,18,ffgsm,50,20.0,0.0,4.0
minmax,QPSK,18,fgsm,50,4.0,0.0,2.0
minmax,QPSK,18,jitter,50,0.0,0.0,0.0
minmax,QPSK,18,mifgsm,50,6.0,0.0,8.0
minmax,QPSK,18,pgd,50,0.0,0.0,0.0
minmax,QPSK,18,pgdl2,50,0.0,0.0,2.0
minmax,QPSK,18,rfgsm,50,0.0,0.0,0.0
minmax,QPSK,18,upgd,50,6.0,0.0,8.0
minmax,QPSK,18,vmifgsm,50,4.0,0.0,6.0
minmax,QPSK,18,vnifgsm,50,0.0,0.0,6.0
minmax,WBFM,18,intact,50,44.0,44.0,44.0
minmax,WBFM,18,apgd,50,2.0,22.0,2.0
minmax,WBFM,18,bim,50,0.0,20.0,4.0
minmax,WBFM,18,cw,50,10.0,38.0,30.0
minmax,WBFM,18,deepfool,50,34.0,40.0,34.0
minmax,WBFM,18,eaden,50,0.0,36.0,34.0
minmax,WBFM,18,eadl1,50,0.0,36.0,36.0
minmax,WBFM,18,eotpgd,50,2.0,22.0,4.0
minmax,WBFM,18,ffgsm,50,22.0,32.0,26.0
minmax,WBFM,18,fgsm,50,30.0,32.0,30.0
minmax,WBFM,18,jitter,50,4.0,30.0,6.0
minmax,WBFM,18,mifgsm,50,18.0,24.0,18.0
minmax,WBFM,18,pgd,50,0.0,24.0,2.0
minmax,WBFM,18,pgdl2,50,2.0,24.0,6.0
minmax,WBFM,18,rfgsm,50,0.0,20.0,6.0
minmax,WBFM,18,upgd,50,18.0,24.0,18.0
minmax,WBFM,18,vmifgsm,50,10.0,24.0,10.0
minmax,WBFM,18,vnifgsm,50,6.0,22.0,6.0
paper,8PSK,18,intact,50,98.0,98.0,98.0
paper,8PSK,18,apgd,50,0.0,0.0,0.0
paper,8PSK,18,bim,50,0.0,0.0,0.0
paper,8PSK,18,cw,50,0.0,0.0,48.0
paper,8PSK,18,deepfool,50,96.0,0.0,94.0
paper,8PSK,18,eaden,50,0.0,0.0,56.0
paper,8PSK,18,eadl1,50,0.0,0.0,60.0
paper,8PSK,18,eotpgd,50,0.0,0.0,0.0
paper,8PSK,18,ffgsm,50,0.0,0.0,0.0
paper,8PSK,18,fgsm,50,0.0,0.0,0.0
paper,8PSK,18,jitter,50,0.0,0.0,0.0
paper,8PSK,18,mifgsm,50,0.0,0.0,0.0
paper,8PSK,18,pgd,50,0.0,0.0,0.0
paper,8PSK,18,pgdl2,50,0.0,0.0,0.0
paper,8PSK,18,rfgsm,50,0.0,0.0,0.0
paper,8PSK,18,upgd,50,0.0,0.0,0.0
paper,8PSK,18,vmifgsm,50,0.0,0.0,0.0
paper,8PSK,18,vnifgsm,50,0.0,0.0,0.0
paper,AM-DSB,18,intact,50,100.0,100.0,100.0
paper,AM-DSB,18,apgd,50,30.0,30.0,30.0
paper,AM-DSB,18,bim,50,28.0,28.0,28.0
paper,AM-DSB,18,cw,50,28.0,100.0,84.0
paper,AM-DSB,18,deepfool,50,94.0,80.0,92.0
paper,AM-DSB,18,eaden,50,0.0,98.0,98.0
paper,AM-DSB,18,eadl1,50,0.0,98.0,90.0
paper,AM-DSB,18,eotpgd,50,30.0,32.0,30.0
paper,AM-DSB,18,ffgsm,50,34.0,40.0,36.0
paper,AM-DSB,18,fgsm,50,64.0,68.0,62.0
paper,AM-DSB,18,jitter,50,30.0,30.0,30.0
paper,AM-DSB,18,mifgsm,50,36.0,50.0,42.0
paper,AM-DSB,18,pgd,50,28.0,28.0,28.0
paper,AM-DSB,18,pgdl2,50,26.0,28.0,26.0
paper,AM-DSB,18,rfgsm,50,28.0,30.0,30.0
paper,AM-DSB,18,upgd,50,36.0,50.0,42.0
paper,AM-DSB,18,vmifgsm,50,32.0,42.0,36.0
paper,AM-DSB,18,vnifgsm,50,30.0,40.0,32.0
paper,AM-SSB,18,intact,50,92.0,92.0,92.0
paper,AM-SSB,18,apgd,50,0.0,0.0,0.0
paper,AM-SSB,18,bim,50,0.0,0.0,0.0
paper,AM-SSB,18,cw,50,0.0,0.0,0.0
paper,AM-SSB,18,deepfool,50,84.0,0.0,0.0
paper,AM-SSB,18,eaden,50,0.0,0.0,0.0
paper,AM-SSB,18,eadl1,50,0.0,0.0,0.0
paper,AM-SSB,18,eotpgd,50,0.0,0.0,0.0
paper,AM-SSB,18,ffgsm,50,0.0,0.0,0.0
paper,AM-SSB,18,fgsm,50,0.0,0.0,2.0
paper,AM-SSB,18,jitter,50,6.0,0.0,6.0
paper,AM-SSB,18,mifgsm,50,0.0,0.0,0.0
paper,AM-SSB,18,pgd,50,0.0,0.0,0.0
paper,AM-SSB,18,pgdl2,50,0.0,0.0,0.0
paper,AM-SSB,18,rfgsm,50,0.0,0.0,0.0
paper,AM-SSB,18,upgd,50,0.0,0.0,0.0
paper,AM-SSB,18,vmifgsm,50,0.0,0.0,0.0
paper,AM-SSB,18,vnifgsm,50,0.0,0.0,0.0
paper,BPSK,18,intact,50,96.0,96.0,96.0
paper,BPSK,18,apgd,50,0.0,2.0,0.0
paper,BPSK,18,bim,50,0.0,2.0,6.0
paper,BPSK,18,cw,50,30.0,2.0,70.0
paper,BPSK,18,deepfool,50,96.0,2.0,94.0
paper,BPSK,18,eaden,50,0.0,2.0,68.0
paper,BPSK,18,eadl1,50,0.0,2.0,70.0
paper,BPSK,18,eotpgd,50,0.0,2.0,20.0
paper,BPSK,18,ffgsm,50,32.0,0.0,16.0
paper,BPSK,18,fgsm,50,14.0,0.0,4.0
paper,BPSK,18,jitter,50,0.0,2.0,6.0
paper,BPSK,18,mifgsm,50,10.0,2.0,8.0
paper,BPSK,18,pgd,50,0.0,2.0,12.0
paper,BPSK,18,pgdl2,50,2.0,2.0,12.0
paper,BPSK,18,rfgsm,50,0.0,0.0,8.0
paper,BPSK,18,upgd,50,10.0,2.0,8.0
paper,BPSK,18,vmifgsm,50,6.0,2.0,6.0
paper,BPSK,18,vnifgsm,50,0.0,2.0,6.0
paper,CPFSK,18,intact,50,100.0,100.0,100.0
paper,CPFSK,18,apgd,50,0.0,2.0,0.0
paper,CPFSK,18,bim,50,2.0,2.0,4.0
paper,CPFSK,18,cw,50,14.0,4.0,62.0
paper,CPFSK,18,deepfool,50,80.0,4.0,86.0
paper,CPFSK,18,eaden,50,0.0,2.0,82.0
paper,CPFSK,18,eadl1,50,0.0,2.0,80.0
paper,CPFSK,18,eotpgd,50,0.0,4.0,0.0
paper,CPFSK,18,ffgsm,50,40.0,2.0,26.0
paper,CPFSK,18,fgsm,50,22.0,2.0,16.0
paper,CPFSK,18,jitter,50,2.0,2.0,4.0
paper,CPFSK,18,mifgsm,50,12.0,2.0,22.0
paper,CPFSK,18,pgd,50,0.0,2.0,6.0
paper,CPFSK,18,pgdl2,50,2.0,4.0,10.0
paper,CPFSK,18,rfgsm,50,0.0,4.0,0.0
paper,CPFSK,18,upgd,50,12.0,2.0,22.0
paper,CPFSK,18,vmifgsm,50,16.0,4.0,20.0
paper,CPFSK,18,vnifgsm,50,4.0,4.0,14.0
paper,GFSK,18,intact,50,100.0,100.0,100.0
paper,GFSK,18,apgd,50,0.0,24.0,0.0
paper,GFSK,18,bim,50,0.0,16.0,0.0
paper,GFSK,18,cw,50,0.0,68.0,98.0
paper,GFSK,18,deepfool,50,56.0,76.0,80.0
paper,GFSK,18,eaden,50,0.0,70.0,98.0
paper,GFSK,18,eadl1,50,0.0,68.0,98.0
paper,GFSK,18,eotpgd,50,0.0,24.0,0.0
paper,GFSK,18,ffgsm,50,30.0,40.0,36.0
paper,GFSK,18,fgsm,50,26.0,30.0,34.0
paper,GFSK,18,jitter,50,0.0,34.0,0.0
paper,GFSK,18,mifgsm,50,2.0,18.0,2.0
paper,GFSK,18,pgd,50,0.0,24.0,0.0
paper,GFSK,18,pgdl2,50,0.0,14.0,0.0
paper,GFSK,18,rfgsm,50,0.0,20.0,0.0
paper,GFSK,18,upgd,50,2.0,18.0,2.0
paper,GFSK,18,vmifgsm,50,0.0,10.0,0.0
paper,GFSK,18,vnifgsm,50,0.0,24.0,0.0
paper,PAM4,18,intact,50,100.0,100.0,100.0
paper,PAM4,18,apgd,50,0.0,20.0,2.0
paper,PAM4,18,bim,50,0.0,32.0,2.0
paper,PAM4,18,cw,50,4.0,92.0,90.0
paper,PAM4,18,deepfool,50,94.0,100.0,98.0
paper,PAM4,18,eaden,50,0.0,98.0,98.0
paper,PAM4,18,eadl1,50,0.0,98.0,98.0
paper,PAM4,18,eotpgd,50,0.0,46.0,4.0
paper,PAM4,18,ffgsm,50,60.0,76.0,64.0
paper,PAM4,18,fgsm,50,60.0,74.0,58.0
paper,PAM4,18,jitter,50,2.0,50.0,10.0
paper,PAM4,18,mifgsm,50,4.0,74.0,42.0
paper,PAM4,18,pgd,50,0.0,38.0,4.0
paper,PAM4,18,pgdl2,50,0.0,52.0,8.0
paper,PAM4,18,rfgsm,50,0.0,32.0,2.0
paper,PAM4,18,upgd,50,4.0,74.0,42.0
paper,PAM4,18,vmifgsm,50,2.0,70.0,44.0
paper,PAM4,18,vnifgsm,50,0.0,70.0,30.0
paper,QAM16,18,intact,50,96.0,96.0,96.0
paper,QAM16,18,apgd,50,0.0,2.0,0.0
paper,QAM16,18,bim,50,0.0,6.0,0.0
paper,QAM16,18,cw,50,0.0,10.0,56.0
paper,QAM16,18,deepfool,50,92.0,8.0,82.0
paper,QAM16,18,eaden,50,0.0,8.0,54.0
paper,QAM16,18,eadl1,50,0.0,10.0,60.0
paper,QAM16,18,eotpgd,50,0.0,0.0,0.0
paper,QAM16,18,ffgsm,50,8.0,4.0,2.0
paper,QAM16,18,fgsm,50,6.0,0.0,2.0
paper,QAM16,18,jitter,50,0.0,4.0,0.0
paper,QAM16,18,mifgsm,50,0.0,6.0,0.0
paper,QAM16,18,pgd,50,0.0,4.0,0.0
paper,QAM16,18,pgdl2,50,0.0,6.0,0.0
paper,QAM16,18,rfgsm,50,0.0,4.0,0.0
paper,QAM16,18,upgd,50,0.0,6.0,0.0
paper,QAM16,18,vmifgsm,50,0.0,4.0,0.0
paper,QAM16,18,vnifgsm,50,0.0,0.0,0.0
paper,QAM64,18,intact,50,92.0,92.0,92.0
paper,QAM64,18,apgd,50,0.0,90.0,12.0
paper,QAM64,18,bim,50,0.0,94.0,4.0
paper,QAM64,18,cw,50,0.0,98.0,80.0
paper,QAM64,18,deepfool,50,86.0,94.0,92.0
paper,QAM64,18,eaden,50,0.0,98.0,90.0
paper,QAM64,18,eadl1,50,0.0,98.0,92.0
paper,QAM64,18,eotpgd,50,0.0,96.0,4.0
paper,QAM64,18,ffgsm,50,50.0,94.0,76.0
paper,QAM64,18,fgsm,50,66.0,94.0,90.0
paper,QAM64,18,jitter,50,0.0,94.0,6.0
paper,QAM64,18,mifgsm,50,0.0,98.0,2.0
paper,QAM64,18,pgd,50,0.0,96.0,4.0
paper,QAM64,18,pgdl2,50,0.0,98.0,2.0
paper,QAM64,18,rfgsm,50,0.0,92.0,0.0
paper,QAM64,18,upgd,50,0.0,98.0,2.0
paper,QAM64,18,vmifgsm,50,0.0,94.0,8.0
paper,QAM64,18,vnifgsm,50,0.0,94.0,4.0
paper,QPSK,18,intact,50,96.0,96.0,96.0
paper,QPSK,18,apgd,50,0.0,0.0,0.0
paper,QPSK,18,bim,50,0.0,0.0,0.0
paper,QPSK,18,cw,50,0.0,0.0,74.0
paper,QPSK,18,deepfool,50,90.0,0.0,90.0
paper,QPSK,18,eaden,50,0.0,0.0,86.0
paper,QPSK,18,eadl1,50,0.0,0.0,84.0
paper,QPSK,18,eotpgd,50,0.0,0.0,0.0
paper,QPSK,18,ffgsm,50,20.0,0.0,4.0
paper,QPSK,18,fgsm,50,4.0,0.0,2.0
paper,QPSK,18,jitter,50,0.0,0.0,0.0
paper,QPSK,18,mifgsm,50,6.0,0.0,8.0
paper,QPSK,18,pgd,50,0.0,0.0,0.0
paper,QPSK,18,pgdl2,50,0.0,0.0,2.0
paper,QPSK,18,rfgsm,50,0.0,0.0,0.0
paper,QPSK,18,upgd,50,6.0,0.0,8.0
paper,QPSK,18,vmifgsm,50,4.0,0.0,6.0
paper,QPSK,18,vnifgsm,50,0.0,0.0,6.0
paper,WBFM,18,intact,50,44.0,44.0,44.0
paper,WBFM,18,apgd,50,2.0,22.0,2.0
paper,WBFM,18,bim,50,0.0,20.0,4.0
paper,WBFM,18,cw,50,10.0,38.0,30.0
paper,WBFM,18,deepfool,50,34.0,40.0,34.0
paper,WBFM,18,eaden,50,0.0,36.0,34.0
paper,WBFM,18,eadl1,50,0.0,36.0,36.0
paper,WBFM,18,eotpgd,50,2.0,22.0,4.0
paper,WBFM,18,ffgsm,50,22.0,32.0,26.0
paper,WBFM,18,fgsm,50,30.0,32.0,30.0
paper,WBFM,18,jitter,50,4.0,30.0,6.0
paper,WBFM,18,mifgsm,50,18.0,24.0,18.0
paper,WBFM,18,pgd,50,0.0,24.0,2.0
paper,WBFM,18,pgdl2,50,2.0,24.0,6.0
paper,WBFM,18,rfgsm,50,0.0,20.0,6.0
paper,WBFM,18,upgd,50,18.0,24.0,18.0
paper,WBFM,18,vmifgsm,50,10.0,24.0,10.0
paper,WBFM,18,vnifgsm,50,6.0,22.0,6.0
unit,8PSK,18,intact,50,98.0,98.0,98.0
unit,8PSK,18,apgd,50,0.0,0.0,0.0
unit,8PSK,18,bim,50,0.0,0.0,0.0
unit,8PSK,18,cw,50,0.0,0.0,0.0
unit,8PSK,18,deepfool,50,2.0,0.0,42.0
unit,8PSK,18,eaden,50,0.0,0.0,0.0
unit,8PSK,18,eadl1,50,0.0,0.0,0.0
unit,8PSK,18,eotpgd,50,0.0,0.0,0.0
unit,8PSK,18,ffgsm,50,0.0,0.0,0.0
unit,8PSK,18,fgsm,50,0.0,0.0,0.0
unit,8PSK,18,jitter,50,0.0,0.0,0.0
unit,8PSK,18,mifgsm,50,0.0,0.0,0.0
unit,8PSK,18,pgd,50,0.0,0.0,0.0
unit,8PSK,18,pgdl2,50,0.0,0.0,0.0
unit,8PSK,18,rfgsm,50,0.0,0.0,0.0
unit,8PSK,18,upgd,50,0.0,0.0,0.0
unit,8PSK,18,vmifgsm,50,0.0,0.0,0.0
unit,8PSK,18,vnifgsm,50,0.0,0.0,0.0
unit,AM-DSB,18,intact,50,100.0,100.0,100.0
unit,AM-DSB,18,apgd,50,0.0,0.0,0.0
unit,AM-DSB,18,bim,50,0.0,0.0,0.0
unit,AM-DSB,18,cw,50,0.0,8.0,6.0
unit,AM-DSB,18,deepfool,50,0.0,60.0,50.0
unit,AM-DSB,18,eaden,50,0.0,62.0,26.0
unit,AM-DSB,18,eadl1,50,0.0,62.0,34.0
unit,AM-DSB,18,eotpgd,50,0.0,0.0,0.0
unit,AM-DSB,18,ffgsm,50,0.0,0.0,0.0
unit,AM-DSB,18,fgsm,50,0.0,0.0,0.0
unit,AM-DSB,18,jitter,50,0.0,0.0,0.0
unit,AM-DSB,18,mifgsm,50,0.0,0.0,0.0
unit,AM-DSB,18,pgd,50,0.0,0.0,0.0
unit,AM-DSB,18,pgdl2,50,0.0,0.0,0.0
unit,AM-DSB,18,rfgsm,50,0.0,0.0,0.0
unit,AM-DSB,18,upgd,50,0.0,0.0,0.0
unit,AM-DSB,18,vmifgsm,50,0.0,0.0,0.0
unit,AM-DSB,18,vnifgsm,50,0.0,0.0,0.0
unit,AM-SSB,18,intact,50,92.0,92.0,92.0
unit,AM-SSB,18,apgd,50,0.0,0.0,0.0
unit,AM-SSB,18,bim,50,0.0,0.0,0.0
unit,AM-SSB,18,cw,50,0.0,0.0,0.0
unit,AM-SSB,18,deepfool,50,0.0,0.0,0.0
unit,AM-SSB,18,eaden,50,0.0,0.0,0.0
unit,AM-SSB,18,eadl1,50,0.0,0.0,0.0
unit,AM-SSB,18,eotpgd,50,0.0,0.0,0.0
unit,AM-SSB,18,ffgsm,50,0.0,0.0,0.0
unit,AM-SSB,18,fgsm,50,0.0,0.0,0.0
unit,AM-SSB,18,jitter,50,0.0,0.0,0.0
unit,AM-SSB,18,mifgsm,50,0.0,0.0,0.0
unit,AM-SSB,18,pgd,50,0.0,0.0,0.0
unit,AM-SSB,18,pgdl2,50,0.0,0.0,0.0
unit,AM-SSB,18,rfgsm,50,0.0,0.0,0.0
unit,AM-SSB,18,upgd,50,0.0,0.0,0.0
unit,AM-SSB,18,vmifgsm,50,0.0,0.0,0.0
unit,AM-SSB,18,vnifgsm,50,0.0,0.0,0.0
unit,BPSK,18,intact,50,96.0,96.0,96.0
unit,BPSK,18,apgd,50,0.0,0.0,0.0
unit,BPSK,18,bim,50,0.0,0.0,0.0
unit,BPSK,18,cw,50,0.0,0.0,0.0
unit,BPSK,18,deepfool,50,4.0,2.0,50.0
unit,BPSK,18,eaden,50,0.0,2.0,6.0
unit,BPSK,18,eadl1,50,0.0,2.0,2.0
unit,BPSK,18,eotpgd,50,0.0,0.0,0.0
unit,BPSK,18,ffgsm,50,0.0,0.0,0.0
unit,BPSK,18,fgsm,50,0.0,0.0,0.0
unit,BPSK,18,jitter,50,0.0,0.0,0.0
unit,BPSK,18,mifgsm,50,0.0,0.0,0.0
unit,BPSK,18,pgd,50,0.0,0.0,0.0
unit,BPSK,18,pgdl2,50,0.0,0.0,0.0
unit,BPSK,18,rfgsm,50,0.0,0.0,0.0
unit,BPSK,18,upgd,50,0.0,0.0,0.0
unit,BPSK,18,vmifgsm,50,0.0,0.0,0.0
unit,BPSK,18,vnifgsm,50,0.0,0.0,0.0
unit,CPFSK,18,intact,50,100.0,100.0,100.0
unit,CPFSK,18,apgd,50,0.0,0.0,0.0
unit,CPFSK,18,bim,50,0.0,0.0,0.0
unit,CPFSK,18,cw,50,0.0,0.0,0.0
unit,CPFSK,18,deepfool,50,6.0,4.0,68.0
unit,CPFSK,18,eaden,50,0.0,0.0,0.0
unit,CPFSK,18,eadl1,50,0.0,0.0,0.0
unit,CPFSK,18,eotpgd,50,0.0,0.0,0.0
unit,CPFSK,18,ffgsm,50,0.0,0.0,0.0
unit,CPFSK,18,fgsm,50,0.0,0.0,0.0
unit,CPFSK,18,jitter,50,0.0,0.0,0.0
unit,CPFSK,18,mifgsm,50,0.0,0.0,0.0
unit,CPFSK,18,pgd,50,0.0,0.0,0.0
unit,CPFSK,18,pgdl2,50,0.0,0.0,0.0
unit,CPFSK,18,rfgsm,50,0.0,0.0,0.0
unit,CPFSK,18,upgd,50,0.0,0.0,0.0
unit,CPFSK,18,vmifgsm,50,0.0,0.0,0.0
unit,CPFSK,18,vnifgsm,50,0.0,0.0,0.0
unit,GFSK,18,intact,50,100.0,100.0,100.0
unit,GFSK,18,apgd,50,0.0,0.0,0.0
unit,GFSK,18,bim,50,0.0,0.0,0.0
unit,GFSK,18,cw,50,0.0,8.0,4.0
unit,GFSK,18,deepfool,50,8.0,62.0,80.0
unit,GFSK,18,eaden,50,0.0,24.0,30.0
unit,GFSK,18,eadl1,50,0.0,26.0,30.0
unit,GFSK,18,eotpgd,50,0.0,0.0,0.0
unit,GFSK,18,ffgsm,50,0.0,0.0,0.0
unit,GFSK,18,fgsm,50,0.0,0.0,0.0
unit,GFSK,18,jitter,50,0.0,0.0,0.0
unit,GFSK,18,mifgsm,50,0.0,0.0,0.0
unit,GFSK,18,pgd,50,0.0,0.0,0.0
unit,GFSK,18,pgdl2,50,0.0,0.0,0.0
unit,GFSK,18,rfgsm,50,0.0,0.0,0.0
unit,GFSK,18,upgd,50,0.0,0.0,0.0
unit,GFSK,18,vmifgsm,50,0.0,0.0,0.0
unit,GFSK,18,vnifgsm,50,0.0,0.0,0.0
unit,PAM4,18,intact,50,100.0,100.0,100.0
unit,PAM4,18,apgd,50,0.0,2.0,2.0
unit,PAM4,18,bim,50,0.0,0.0,0.0
unit,PAM4,18,cw,50,0.0,8.0,2.0
unit,PAM4,18,deepfool,50,6.0,96.0,98.0
unit,PAM4,18,eaden,50,0.0,72.0,68.0
unit,PAM4,18,eadl1,50,0.0,72.0,70.0
unit,PAM4,18,eotpgd,50,0.0,0.0,0.0
unit,PAM4,18,ffgsm,50,0.0,8.0,6.0
unit,PAM4,18,fgsm,50,2.0,4.0,2.0
unit,PAM4,18,jitter,50,0.0,0.0,0.0
unit,PAM4,18,mifgsm,50,0.0,0.0,0.0
unit,PAM4,18,pgd,50,0.0,0.0,0.0
unit,PAM4,18,pgdl2,50,0.0,0.0,0.0
unit,PAM4,18,rfgsm,50,0.0,0.0,0.0
unit,PAM4,18,upgd,50,0.0,0.0,0.0
unit,PAM4,18,vmifgsm,50,0.0,0.0,0.0
unit,PAM4,18,vnifgsm,50,0.0,0.0,0.0
unit,QAM16,18,intact,50,96.0,96.0,96.0
unit,QAM16,18,apgd,50,0.0,0.0,0.0
unit,QAM16,18,bim,50,0.0,0.0,0.0
unit,QAM16,18,cw,50,0.0,12.0,12.0
unit,QAM16,18,deepfool,50,4.0,10.0,56.0
unit,QAM16,18,eaden,50,0.0,8.0,14.0
unit,QAM16,18,eadl1,50,0.0,8.0,14.0
unit,QAM16,18,eotpgd,50,0.0,0.0,0.0
unit,QAM16,18,ffgsm,50,2.0,0.0,0.0
unit,QAM16,18,fgsm,50,0.0,0.0,2.0
unit,QAM16,18,jitter,50,0.0,0.0,0.0
unit,QAM16,18,mifgsm,50,0.0,0.0,0.0
unit,QAM16,18,pgd,50,0.0,0.0,0.0
unit,QAM16,18,pgdl2,50,0.0,0.0,0.0
unit,QAM16,18,rfgsm,50,0.0,0.0,0.0
unit,QAM16,18,upgd,50,0.0,0.0,0.0
unit,QAM16,18,vmifgsm,50,0.0,0.0,0.0
unit,QAM16,18,vnifgsm,50,0.0,0.0,0.0
unit,QAM64,18,intact,50,92.0,92.0,92.0
unit,QAM64,18,apgd,50,76.0,84.0,86.0
unit,QAM64,18,bim,50,54.0,44.0,54.0
unit,QAM64,18,cw,50,0.0,90.0,80.0
unit,QAM64,18,deepfool,50,4.0,98.0,86.0
unit,QAM64,18,eaden,50,0.0,94.0,82.0
unit,QAM64,18,eadl1,50,0.0,94.0,82.0
unit,QAM64,18,eotpgd,50,100.0,72.0,96.0
unit,QAM64,18,ffgsm,50,100.0,88.0,90.0
unit,QAM64,18,fgsm,50,98.0,96.0,98.0
unit,QAM64,18,jitter,50,26.0,18.0,26.0
unit,QAM64,18,mifgsm,50,2.0,12.0,2.0
unit,QAM64,18,pgd,50,98.0,74.0,98.0
unit,QAM64,18,pgdl2,50,56.0,36.0,54.0
unit,QAM64,18,rfgsm,50,68.0,52.0,56.0
unit,QAM64,18,upgd,50,2.0,12.0,2.0
unit,QAM64,18,vmifgsm,50,18.0,40.0,32.0
unit,QAM64,18,vnifgsm,50,20.0,22.0,24.0
unit,QPSK,18,intact,50,96.0,96.0,96.0
unit,QPSK,18,apgd,50,0.0,0.0,0.0
unit,QPSK,18,bim,50,0.0,0.0,0.0
unit,QPSK,18,cw,50,0.0,0.0,0.0
unit,QPSK,18,deepfool,50,8.0,0.0,70.0
unit,QPSK,18,eaden,50,0.0,0.0,0.0
unit,QPSK,18,eadl1,50,0.0,0.0,0.0
unit,QPSK,18,eotpgd,50,0.0,0.0,0.0
unit,QPSK,18,ffgsm,50,0.0,0.0,0.0
unit,QPSK,18,fgsm,50,0.0,0.0,0.0
unit,QPSK,18,jitter,50,0.0,0.0,0.0
unit,QPSK,18,mifgsm,50,0.0,0.0,0.0
unit,QPSK,18,pgd,50,0.0,0.0,0.0
unit,QPSK,18,pgdl2,50,0.0,0.0,0.0
unit,QPSK,18,rfgsm,50,0.0,0.0,0.0
unit,QPSK,18,upgd,50,0.0,0.0,0.0
unit,QPSK,18,vmifgsm,50,0.0,0.0,0.0
unit,QPSK,18,vnifgsm,50,0.0,0.0,0.0
unit,WBFM,18,intact,50,44.0,44.0,44.0
unit,WBFM,18,apgd,50,0.0,0.0,0.0
unit,WBFM,18,bim,50,0.0,0.0,0.0
unit,WBFM,18,cw,50,0.0,0.0,0.0
unit,WBFM,18,deepfool,50,2.0,38.0,26.0
unit,WBFM,18,eaden,50,0.0,28.0,16.0
unit,WBFM,18,eadl1,50,0.0,28.0,16.0
unit,WBFM,18,eotpgd,50,0.0,0.0,0.0
unit,WBFM,18,ffgsm,50,0.0,0.0,0.0
unit,WBFM,18,fgsm,50,0.0,0.0,0.0
unit,WBFM,18,jitter,50,0.0,0.0,0.0
unit,WBFM,18,mifgsm,50,0.0,0.0,0.0
unit,WBFM,18,pgd,50,0.0,0.0,0.0
unit,WBFM,18,pgdl2,50,0.0,0.0,0.0
unit,WBFM,18,rfgsm,50,0.0,0.0,0.0
unit,WBFM,18,upgd,50,0.0,0.0,0.0
unit,WBFM,18,vmifgsm,50,0.0,0.0,0.0
unit,WBFM,18,vnifgsm,50,0.0,0.0,0.0
