attack,mod,snr,fec,scenario,crc_pass_rate,amc_acc
eaden,BPSK,18,False,Clean,1.0,0.995
eaden,BPSK,18,False,Clean+AMC,0.995,0.995
eaden,BPSK,18,False,EADEN,1.0,0.0
eaden,BPSK,18,False,EADEN+AMC,0.025,0.0
eaden,BPSK,18,False,EADEN+Top10,0.97,0.015
eaden,BPSK,18,False,EADEN+Top10+AMC,0.025,0.015
eaden,BPSK,18,False,Clean+Top10,0.975,-1
eaden,BPSK,18,False,EADEN+Top20,1.0,0.6
eaden,BPSK,18,False,EADEN+Top20+AMC,0.62,0.6
eaden,BPSK,18,False,Clean+Top20,1.0,-1
eaden,BPSK,18,False,EADEN+Top50,1.0,0.57
eaden,BPSK,18,False,EADEN+Top50+AMC,0.59,0.57
eaden,BPSK,18,False,Clean+Top50,1.0,-1
eaden,QPSK,18,False,Clean,1.0,1.0
eaden,QPSK,18,False,Clean+AMC,1.0,1.0
eaden,QPSK,18,False,EADEN,1.0,0.0
eaden,QPSK,18,False,EADEN+AMC,0.015,0.0
eaden,QPSK,18,False,EADEN+Top10,0.795,0.0
eaden,QPSK,18,False,EADEN+Top10+AMC,0.0,0.0
eaden,QPSK,18,False,Clean+Top10,0.795,-1
eaden,QPSK,18,False,EADEN+Top20,1.0,0.55
eaden,QPSK,18,False,EADEN+Top20+AMC,0.55,0.55
eaden,QPSK,18,False,Clean+Top20,1.0,-1
eaden,QPSK,18,False,EADEN+Top50,1.0,0.635
eaden,QPSK,18,False,EADEN+Top50+AMC,0.635,0.635
eaden,QPSK,18,False,Clean+Top50,1.0,-1
eaden,QPSK,18,True,Clean,1.0,0.035
eaden,QPSK,18,True,Clean+AMC,0.035,0.035
eaden,QPSK,18,True,EADEN,1.0,0.0
eaden,QPSK,18,True,EADEN+AMC,0.0,0.0
eaden,QPSK,18,True,EADEN+Top10,1.0,0.0
eaden,QPSK,18,True,EADEN+Top10+AMC,0.0,0.0
eaden,QPSK,18,True,Clean+Top10,1.0,-1
eaden,QPSK,18,True,EADEN+Top20,1.0,0.0
eaden,QPSK,18,True,EADEN+Top20+AMC,0.0,0.0
eaden,QPSK,18,True,Clean+Top20,1.0,-1
eaden,QPSK,18,True,EADEN+Top50,1.0,0.0
eaden,QPSK,18,True,EADEN+Top50+AMC,0.0,0.0
eaden,QPSK,18,True,Clean+Top50,1.0,-1
eaden,8PSK,18,False,Clean,1.0,0.945
eaden,8PSK,18,False,Clean+AMC,0.945,0.945
eaden,8PSK,18,False,EADEN,1.0,0.0
eaden,8PSK,18,False,EADEN+AMC,0.01,0.0
eaden,8PSK,18,False,EADEN+Top10,0.09,0.0
eaden,8PSK,18,False,EADEN+Top10+AMC,0.01,0.0
eaden,8PSK,18,False,Clean+Top10,0.09,-1
eaden,8PSK,18,False,EADEN+Top20,1.0,0.245
eaden,8PSK,18,False,EADEN+Top20+AMC,0.25,0.245
eaden,8PSK,18,False,Clean+Top20,1.0,-1
eaden,8PSK,18,False,EADEN+Top50,1.0,0.2
eaden,8PSK,18,False,EADEN+Top50+AMC,0.2,0.2
eaden,8PSK,18,False,Clean+Top50,1.0,-1
eaden,8PSK,18,True,Clean,1.0,0.96
eaden,8PSK,18,True,Clean+AMC,0.96,0.96
eaden,8PSK,18,True,EADEN,1.0,0.0
eaden,8PSK,18,True,EADEN+AMC,0.0,0.0
eaden,8PSK,18,True,EADEN+Top10,0.995,0.0
eaden,8PSK,18,True,EADEN+Top10+AMC,0.01,0.0
eaden,8PSK,18,True,Clean+Top10,0.985,-1
eaden,8PSK,18,True,EADEN+Top20,1.0,0.215
eaden,8PSK,18,True,EADEN+Top20+AMC,0.215,0.215
eaden,8PSK,18,True,Clean+Top20,1.0,-1
eaden,8PSK,18,True,EADEN+Top50,1.0,0.16
eaden,8PSK,18,True,EADEN+Top50+AMC,0.16,0.16
eaden,8PSK,18,True,Clean+Top50,1.0,-1
eaden,QAM16,18,False,Clean,1.0,0.775
eaden,QAM16,18,False,Clean+AMC,0.775,0.775
eaden,QAM16,18,False,EADEN,1.0,0.0
eaden,QAM16,18,False,EADEN+AMC,0.0,0.0
eaden,QAM16,18,False,EADEN+Top10,0.015,0.065
eaden,QAM16,18,False,EADEN+Top10+AMC,0.01,0.065
eaden,QAM16,18,False,Clean+Top10,0.01,-1
eaden,QAM16,18,False,EADEN+Top20,0.92,0.26
eaden,QAM16,18,False,EADEN+Top20+AMC,0.23,0.26
eaden,QAM16,18,False,Clean+Top20,0.93,-1
eaden,QAM16,18,False,EADEN+Top50,1.0,0.275
eaden,QAM16,18,False,EADEN+Top50+AMC,0.28,0.275
eaden,QAM16,18,False,Clean+Top50,1.0,-1
eaden,QAM16,18,True,Clean,1.0,0.725
eaden,QAM16,18,True,Clean+AMC,0.725,0.725
eaden,QAM16,18,True,EADEN,1.0,0.0
eaden,QAM16,18,True,EADEN+AMC,0.005,0.0
eaden,QAM16,18,True,EADEN+Top10,0.91,0.08
eaden,QAM16,18,True,EADEN+Top10+AMC,0.085,0.08
eaden,QAM16,18,True,Clean+Top10,0.905,-1
eaden,QAM16,18,True,EADEN+Top20,1.0,0.29
eaden,QAM16,18,True,EADEN+Top20+AMC,0.29,0.29
eaden,QAM16,18,True,Clean+Top20,1.0,-1
eaden,QAM16,18,True,EADEN+Top50,1.0,0.24
eaden,QAM16,18,True,EADEN+Top50+AMC,0.245,0.24
eaden,QAM16,18,True,Clean+Top50,1.0,-1
eaden,QAM64,18,False,Clean,0.935,0.97
eaden,QAM64,18,False,Clean+AMC,0.905,0.97
eaden,QAM64,18,False,EADEN,0.89,0.0
eaden,QAM64,18,False,EADEN+AMC,0.005,0.0
eaden,QAM64,18,False,EADEN+Top10,0.0,0.92
eaden,QAM64,18,False,EADEN+Top10+AMC,0.0,0.92
eaden,QAM64,18,False,Clean+Top10,0.0,-1
eaden,QAM64,18,False,EADEN+Top20,0.375,0.91
eaden,QAM64,18,False,EADEN+Top20+AMC,0.34,0.91
eaden,QAM64,18,False,Clean+Top20,0.45,-1
eaden,QAM64,18,False,EADEN+Top50,0.815,0.81
eaden,QAM64,18,False,EADEN+Top50+AMC,0.65,0.81
eaden,QAM64,18,False,Clean+Top50,0.865,-1
eaden,QAM64,18,True,Clean,1.0,0.925
eaden,QAM64,18,True,Clean+AMC,0.925,0.925
eaden,QAM64,18,True,EADEN,1.0,0.0
eaden,QAM64,18,True,EADEN+AMC,0.01,0.0
eaden,QAM64,18,True,EADEN+Top10,0.225,0.955
eaden,QAM64,18,True,EADEN+Top10+AMC,0.21,0.955
eaden,QAM64,18,True,Clean+Top10,0.225,-1
eaden,QAM64,18,True,EADEN+Top20,0.985,0.855
eaden,QAM64,18,True,EADEN+Top20+AMC,0.845,0.855
eaden,QAM64,18,True,Clean+Top20,0.99,-1
eaden,QAM64,18,True,EADEN+Top50,1.0,0.79
eaden,QAM64,18,True,EADEN+Top50+AMC,0.79,0.79
eaden,QAM64,18,True,Clean+Top50,1.0,-1
eaden,PAM4,18,False,Clean,1.0,1.0
eaden,PAM4,18,False,Clean+AMC,1.0,1.0
eaden,PAM4,18,False,EADEN,0.985,0.0
eaden,PAM4,18,False,EADEN+AMC,0.0,0.0
eaden,PAM4,18,False,EADEN+Top10,0.085,0.895
eaden,PAM4,18,False,EADEN+Top10+AMC,0.075,0.895
eaden,PAM4,18,False,Clean+Top10,0.125,-1
eaden,PAM4,18,False,EADEN+Top20,0.945,0.945
eaden,PAM4,18,False,EADEN+Top20+AMC,0.89,0.945
eaden,PAM4,18,False,Clean+Top20,1.0,-1
eaden,PAM4,18,False,EADEN+Top50,0.98,0.855
eaden,PAM4,18,False,EADEN+Top50+AMC,0.835,0.855
eaden,PAM4,18,False,Clean+Top50,1.0,-1
eaden,PAM4,18,True,Clean,1.0,0.075
eaden,PAM4,18,True,Clean+AMC,0.14,0.075
eaden,PAM4,18,True,EADEN,1.0,0.0
eaden,PAM4,18,True,EADEN+AMC,0.08,0.0
eaden,PAM4,18,True,EADEN+Top10,0.895,0.005
eaden,PAM4,18,True,EADEN+Top10+AMC,0.005,0.005
eaden,PAM4,18,True,Clean+Top10,0.9,-1
eaden,PAM4,18,True,EADEN+Top20,1.0,0.05
eaden,PAM4,18,True,EADEN+Top20+AMC,0.095,0.05
eaden,PAM4,18,True,Clean+Top20,1.0,-1
eaden,PAM4,18,True,EADEN+Top50,1.0,0.025
eaden,PAM4,18,True,EADEN+Top50+AMC,0.085,0.025
eaden,PAM4,18,True,Clean+Top50,1.0,-1
eaden,CPFSK,18,False,Clean,1.0,1.0
eaden,CPFSK,18,False,Clean+AMC,1.0,1.0
eaden,CPFSK,18,False,EADEN,1.0,0.0
eaden,CPFSK,18,False,EADEN+AMC,0.0,0.0
eaden,CPFSK,18,False,EADEN+Top10,1.0,0.045
eaden,CPFSK,18,False,EADEN+Top10+AMC,0.045,0.045
eaden,CPFSK,18,False,Clean+Top10,1.0,-1
eaden,CPFSK,18,False,EADEN+Top20,1.0,0.445
eaden,CPFSK,18,False,EADEN+Top20+AMC,0.445,0.445
eaden,CPFSK,18,False,Clean+Top20,1.0,-1
eaden,CPFSK,18,False,EADEN+Top50,1.0,0.69
eaden,CPFSK,18,False,EADEN+Top50+AMC,0.69,0.69
eaden,CPFSK,18,False,Clean+Top50,1.0,-1
eaden,GFSK,18,False,Clean,0.99,0.005
eaden,GFSK,18,False,Clean+AMC,0.895,0.005
eaden,GFSK,18,False,EADEN,0.99,0.0
eaden,GFSK,18,False,EADEN+AMC,0.89,0.0
eaden,GFSK,18,False,EADEN+Top10,0.99,0.02
eaden,GFSK,18,False,EADEN+Top10+AMC,0.075,0.02
eaden,GFSK,18,False,Clean+Top10,0.99,-1
eaden,GFSK,18,False,EADEN+Top20,0.99,0.0
eaden,GFSK,18,False,EADEN+Top20+AMC,0.76,0.0
eaden,GFSK,18,False,Clean+Top20,0.99,-1
eaden,GFSK,18,False,EADEN+Top50,0.99,0.005
eaden,GFSK,18,False,EADEN+Top50+AMC,0.885,0.005
eaden,GFSK,18,False,Clean+Top50,0.99,-1
eaden,BPSK,0,False,Clean,1.0,0.77
eaden,BPSK,0,False,Clean+AMC,0.77,0.77
eaden,BPSK,0,False,EADEN,1.0,0.0
eaden,BPSK,0,False,EADEN+AMC,0.0,0.0
eaden,BPSK,0,False,EADEN+Top10,0.77,0.015
eaden,BPSK,0,False,EADEN+Top10+AMC,0.02,0.015
eaden,BPSK,0,False,Clean+Top10,0.795,-1
eaden,BPSK,0,False,EADEN+Top20,0.97,0.11
eaden,BPSK,0,False,EADEN+Top20+AMC,0.105,0.11
eaden,BPSK,0,False,Clean+Top20,0.98,-1
eaden,BPSK,0,False,EADEN+Top50,0.995,0.355
eaden,BPSK,0,False,EADEN+Top50+AMC,0.355,0.355
eaden,BPSK,0,False,Clean+Top50,0.995,-1
eaden,QPSK,0,False,Clean,0.76,0.49
eaden,QPSK,0,False,Clean+AMC,0.405,0.49
eaden,QPSK,0,False,EADEN,0.755,0.0
eaden,QPSK,0,False,EADEN+AMC,0.0,0.0
eaden,QPSK,0,False,EADEN+Top10,0.195,0.0
eaden,QPSK,0,False,EADEN+Top10+AMC,0.0,0.0
eaden,QPSK,0,False,Clean+Top10,0.205,-1
eaden,QPSK,0,False,EADEN+Top20,0.485,0.01
eaden,QPSK,0,False,EADEN+Top20+AMC,0.005,0.01
eaden,QPSK,0,False,Clean+Top20,0.505,-1
eaden,QPSK,0,False,EADEN+Top50,0.69,0.2
eaden,QPSK,0,False,EADEN+Top50+AMC,0.17,0.2
eaden,QPSK,0,False,Clean+Top50,0.7,-1
eaden,QPSK,0,True,Clean,1.0,0.03
eaden,QPSK,0,True,Clean+AMC,0.03,0.03
eaden,QPSK,0,True,EADEN,1.0,0.0
eaden,QPSK,0,True,EADEN+AMC,0.0,0.0
eaden,QPSK,0,True,EADEN+Top10,0.915,0.0
eaden,QPSK,0,True,EADEN+Top10+AMC,0.0,0.0
eaden,QPSK,0,True,Clean+Top10,0.915,-1
eaden,QPSK,0,True,EADEN+Top20,0.975,0.0
eaden,QPSK,0,True,EADEN+Top20+AMC,0.005,0.0
eaden,QPSK,0,True,Clean+Top20,0.975,-1
eaden,QPSK,0,True,EADEN+Top50,1.0,0.035
eaden,QPSK,0,True,EADEN+Top50+AMC,0.04,0.035
eaden,QPSK,0,True,Clean+Top50,1.0,-1
eaden,8PSK,0,False,Clean,0.055,0.43
eaden,8PSK,0,False,Clean+AMC,0.02,0.43
eaden,8PSK,0,False,EADEN,0.05,0.0
eaden,8PSK,0,False,EADEN+AMC,0.0,0.0
eaden,8PSK,0,False,EADEN+Top10,0.005,0.0
eaden,8PSK,0,False,EADEN+Top10+AMC,0.0,0.0
eaden,8PSK,0,False,Clean+Top10,0.005,-1
eaden,8PSK,0,False,EADEN+Top20,0.03,0.08
eaden,8PSK,0,False,EADEN+Top20+AMC,0.0,0.08
eaden,8PSK,0,False,Clean+Top20,0.025,-1
eaden,8PSK,0,False,EADEN+Top50,0.04,0.35
eaden,8PSK,0,False,EADEN+Top50+AMC,0.01,0.35
eaden,8PSK,0,False,Clean+Top50,0.04,-1
eaden,8PSK,0,True,Clean,0.995,0.375
eaden,8PSK,0,True,Clean+AMC,0.375,0.375
eaden,8PSK,0,True,EADEN,0.995,0.0
eaden,8PSK,0,True,EADEN+AMC,0.0,0.0
eaden,8PSK,0,True,EADEN+Top10,0.86,0.0
eaden,8PSK,0,True,EADEN+Top10+AMC,0.01,0.0
eaden,8PSK,0,True,Clean+Top10,0.86,-1
eaden,8PSK,0,True,EADEN+Top20,0.97,0.075
eaden,8PSK,0,True,EADEN+Top20+AMC,0.075,0.075
eaden,8PSK,0,True,Clean+Top20,0.97,-1
eaden,8PSK,0,True,EADEN+Top50,0.98,0.34
eaden,8PSK,0,True,EADEN+Top50+AMC,0.335,0.34
eaden,8PSK,0,True,Clean+Top50,0.98,-1
eaden,QAM16,0,False,Clean,0.0,0.615
eaden,QAM16,0,False,Clean+AMC,0.0,0.615
eaden,QAM16,0,False,EADEN,0.0,0.0
eaden,QAM16,0,False,EADEN+AMC,0.005,0.0
eaden,QAM16,0,False,EADEN+Top10,0.01,0.085
eaden,QAM16,0,False,EADEN+Top10+AMC,0.005,0.085
eaden,QAM16,0,False,Clean+Top10,0.005,-1
eaden,QAM16,0,False,EADEN+Top20,0.0,0.34
eaden,QAM16,0,False,EADEN+Top20+AMC,0.0,0.34
eaden,QAM16,0,False,Clean+Top20,0.0,-1
eaden,QAM16,0,False,EADEN+Top50,0.015,0.595
eaden,QAM16,0,False,EADEN+Top50+AMC,0.005,0.595
eaden,QAM16,0,False,Clean+Top50,0.015,-1
eaden,QAM16,0,True,Clean,0.86,0.62
eaden,QAM16,0,True,Clean+AMC,0.525,0.62
eaden,QAM16,0,True,EADEN,0.865,0.0
eaden,QAM16,0,True,EADEN+AMC,0.0,0.0
eaden,QAM16,0,True,EADEN+Top10,0.42,0.1
eaden,QAM16,0,True,EADEN+Top10+AMC,0.05,0.1
eaden,QAM16,0,True,Clean+Top10,0.43,-1
eaden,QAM16,0,True,EADEN+Top20,0.71,0.255
eaden,QAM16,0,True,EADEN+Top20+AMC,0.165,0.255
eaden,QAM16,0,True,Clean+Top20,0.705,-1
eaden,QAM16,0,True,EADEN+Top50,0.845,0.53
eaden,QAM16,0,True,EADEN+Top50+AMC,0.455,0.53
eaden,QAM16,0,True,Clean+Top50,0.84,-1
eaden,QAM64,0,False,Clean,0.0,0.18
eaden,QAM64,0,False,Clean+AMC,0.01,0.18
eaden,QAM64,0,False,EADEN,0.0,0.0
eaden,QAM64,0,False,EADEN+AMC,0.01,0.0
eaden,QAM64,0,False,EADEN+Top10,0.0,0.88
eaden,QAM64,0,False,EADEN+Top10+AMC,0.0,0.88
eaden,QAM64,0,False,Clean+Top10,0.0,-1
eaden,QAM64,0,False,EADEN+Top20,0.0,0.665
eaden,QAM64,0,False,EADEN+Top20+AMC,0.0,0.665
eaden,QAM64,0,False,Clean+Top20,0.0,-1
eaden,QAM64,0,False,EADEN+Top50,0.0,0.27
eaden,QAM64,0,False,EADEN+Top50+AMC,0.0,0.27
eaden,QAM64,0,False,Clean+Top50,0.0,-1
eaden,QAM64,0,True,Clean,0.195,0.15
eaden,QAM64,0,True,Clean+AMC,0.03,0.15
eaden,QAM64,0,True,EADEN,0.195,0.0
eaden,QAM64,0,True,EADEN+AMC,0.005,0.0
eaden,QAM64,0,True,EADEN+Top10,0.005,0.905
eaden,QAM64,0,True,EADEN+Top10+AMC,0.005,0.905
eaden,QAM64,0,True,Clean+Top10,0.005,-1
eaden,QAM64,0,True,EADEN+Top20,0.05,0.605
eaden,QAM64,0,True,EADEN+Top20+AMC,0.03,0.605
eaden,QAM64,0,True,Clean+Top20,0.05,-1
eaden,QAM64,0,True,EADEN+Top50,0.145,0.285
eaden,QAM64,0,True,EADEN+Top50+AMC,0.045,0.285
eaden,QAM64,0,True,Clean+Top50,0.145,-1
eaden,PAM4,0,False,Clean,0.2,0.825
eaden,PAM4,0,False,Clean+AMC,0.175,0.825
eaden,PAM4,0,False,EADEN,0.22,0.0
eaden,PAM4,0,False,EADEN+AMC,0.0,0.0
eaden,PAM4,0,False,EADEN+Top10,0.01,0.635
eaden,PAM4,0,False,EADEN+Top10+AMC,0.005,0.635
eaden,PAM4,0,False,Clean+Top10,0.01,-1
eaden,PAM4,0,False,EADEN+Top20,0.095,0.665
eaden,PAM4,0,False,EADEN+Top20+AMC,0.065,0.665
eaden,PAM4,0,False,Clean+Top20,0.105,-1
eaden,PAM4,0,False,EADEN+Top50,0.2,0.75
eaden,PAM4,0,False,EADEN+Top50+AMC,0.16,0.75
eaden,PAM4,0,False,Clean+Top50,0.2,-1
eaden,PAM4,0,True,Clean,0.815,0.375
eaden,PAM4,0,True,Clean+AMC,0.455,0.375
eaden,PAM4,0,True,EADEN,0.81,0.0
eaden,PAM4,0,True,EADEN+AMC,0.3,0.0
eaden,PAM4,0,True,EADEN+Top10,0.645,0.115
eaden,PAM4,0,True,EADEN+Top10+AMC,0.1,0.115
eaden,PAM4,0,True,Clean+Top10,0.635,-1
eaden,PAM4,0,True,EADEN+Top20,0.725,0.195
eaden,PAM4,0,True,EADEN+Top20+AMC,0.21,0.195
eaden,PAM4,0,True,Clean+Top20,0.76,-1
eaden,PAM4,0,True,EADEN+Top50,0.815,0.21
eaden,PAM4,0,True,EADEN+Top50+AMC,0.305,0.21
eaden,PAM4,0,True,Clean+Top50,0.81,-1
eaden,CPFSK,0,False,Clean,0.095,0.545
eaden,CPFSK,0,False,Clean+AMC,0.05,0.545
eaden,CPFSK,0,False,EADEN,0.095,0.0
eaden,CPFSK,0,False,EADEN+AMC,0.0,0.0
eaden,CPFSK,0,False,EADEN+Top10,0.095,0.02
eaden,CPFSK,0,False,EADEN+Top10+AMC,0.0,0.02
eaden,CPFSK,0,False,Clean+Top10,0.095,-1
eaden,CPFSK,0,False,EADEN+Top20,0.095,0.105
eaden,CPFSK,0,False,EADEN+Top20+AMC,0.01,0.105
eaden,CPFSK,0,False,Clean+Top20,0.095,-1
eaden,CPFSK,0,False,EADEN+Top50,0.095,0.295
eaden,CPFSK,0,False,EADEN+Top50+AMC,0.025,0.295
eaden,CPFSK,0,False,Clean+Top50,0.095,-1
eaden,GFSK,0,False,Clean,0.04,0.005
eaden,GFSK,0,False,Clean+AMC,0.015,0.005
eaden,GFSK,0,False,EADEN,0.04,0.0
eaden,GFSK,0,False,EADEN+AMC,0.015,0.0
eaden,GFSK,0,False,EADEN+Top10,0.04,0.03
eaden,GFSK,0,False,EADEN+Top10+AMC,0.005,0.03
eaden,GFSK,0,False,Clean+Top10,0.04,-1
eaden,GFSK,0,False,EADEN+Top20,0.04,0.015
eaden,GFSK,0,False,EADEN+Top20+AMC,0.01,0.015
eaden,GFSK,0,False,Clean+Top20,0.04,-1
eaden,GFSK,0,False,EADEN+Top50,0.04,0.01
eaden,GFSK,0,False,EADEN+Top50+AMC,0.015,0.01
eaden,GFSK,0,False,Clean+Top50,0.04,-1
eadl1,BPSK,18,False,Clean,1.0,0.995
eadl1,BPSK,18,False,Clean+AMC,0.995,0.995
eadl1,BPSK,18,False,EADL1,1.0,0.0
eadl1,BPSK,18,False,EADL1+AMC,0.015,0.0
eadl1,BPSK,18,False,EADL1+Top10,0.97,0.015
eadl1,BPSK,18,False,EADL1+Top10+AMC,0.025,0.015
eadl1,BPSK,18,False,Clean+Top10,0.975,-1
eadl1,BPSK,18,False,EADL1+Top20,1.0,0.635
eadl1,BPSK,18,False,EADL1+Top20+AMC,0.65,0.635
eadl1,BPSK,18,False,Clean+Top20,1.0,-1
eadl1,BPSK,18,False,EADL1+Top50,1.0,0.605
eadl1,BPSK,18,False,EADL1+Top50+AMC,0.615,0.605
eadl1,BPSK,18,False,Clean+Top50,1.0,-1
eadl1,QPSK,18,False,Clean,1.0,1.0
eadl1,QPSK,18,False,Clean+AMC,1.0,1.0
eadl1,QPSK,18,False,EADL1,1.0,0.0
eadl1,QPSK,18,False,EADL1+AMC,0.015,0.0
eadl1,QPSK,18,False,EADL1+Top10,0.78,0.0
eadl1,QPSK,18,False,EADL1+Top10+AMC,0.005,0.0
eadl1,QPSK,18,False,Clean+Top10,0.795,-1
eadl1,QPSK,18,False,EADL1+Top20,1.0,0.56
eadl1,QPSK,18,False,EADL1+Top20+AMC,0.56,0.56
eadl1,QPSK,18,False,Clean+Top20,1.0,-1
eadl1,QPSK,18,False,EADL1+Top50,1.0,0.67
eadl1,QPSK,18,False,EADL1+Top50+AMC,0.67,0.67
eadl1,QPSK,18,False,Clean+Top50,1.0,-1
eadl1,QPSK,18,True,Clean,1.0,0.035
eadl1,QPSK,18,True,Clean+AMC,0.035,0.035
eadl1,QPSK,18,True,EADL1,1.0,0.0
eadl1,QPSK,18,True,EADL1+AMC,0.0,0.0
eadl1,QPSK,18,True,EADL1+Top10,1.0,0.0
eadl1,QPSK,18,True,EADL1+Top10+AMC,0.0,0.0
eadl1,QPSK,18,True,Clean+Top10,1.0,-1
eadl1,QPSK,18,True,EADL1+Top20,1.0,0.0
eadl1,QPSK,18,True,EADL1+Top20+AMC,0.0,0.0
eadl1,QPSK,18,True,Clean+Top20,1.0,-1
eadl1,QPSK,18,True,EADL1+Top50,1.0,0.0
eadl1,QPSK,18,True,EADL1+Top50+AMC,0.0,0.0
eadl1,QPSK,18,True,Clean+Top50,1.0,-1
eadl1,8PSK,18,False,Clean,1.0,0.945
eadl1,8PSK,18,False,Clean+AMC,0.945,0.945
eadl1,8PSK,18,False,EADL1,1.0,0.0
eadl1,8PSK,18,False,EADL1+AMC,0.005,0.0
eadl1,8PSK,18,False,EADL1+Top10,0.09,0.0
eadl1,8PSK,18,False,EADL1+Top10+AMC,0.01,0.0
eadl1,8PSK,18,False,Clean+Top10,0.09,-1
eadl1,8PSK,18,False,EADL1+Top20,1.0,0.27
eadl1,8PSK,18,False,EADL1+Top20+AMC,0.28,0.27
eadl1,8PSK,18,False,Clean+Top20,1.0,-1
eadl1,8PSK,18,False,EADL1+Top50,1.0,0.325
eadl1,8PSK,18,False,EADL1+Top50+AMC,0.325,0.325
eadl1,8PSK,18,False,Clean+Top50,1.0,-1
eadl1,8PSK,18,True,Clean,1.0,0.96
eadl1,8PSK,18,True,Clean+AMC,0.96,0.96
eadl1,8PSK,18,True,EADL1,1.0,0.0
eadl1,8PSK,18,True,EADL1+AMC,0.0,0.0
eadl1,8PSK,18,True,EADL1+Top10,0.99,0.0
eadl1,8PSK,18,True,EADL1+Top10+AMC,0.005,0.0
eadl1,8PSK,18,True,Clean+Top10,0.985,-1
eadl1,8PSK,18,True,EADL1+Top20,1.0,0.25
eadl1,8PSK,18,True,EADL1+Top20+AMC,0.25,0.25
eadl1,8PSK,18,True,Clean+Top20,1.0,-1
eadl1,8PSK,18,True,EADL1+Top50,1.0,0.26
eadl1,8PSK,18,True,EADL1+Top50+AMC,0.26,0.26
eadl1,8PSK,18,True,Clean+Top50,1.0,-1
eadl1,QAM16,18,False,Clean,1.0,0.775
eadl1,QAM16,18,False,Clean+AMC,0.775,0.775
eadl1,QAM16,18,False,EADL1,1.0,0.0
eadl1,QAM16,18,False,EADL1+AMC,0.005,0.0
eadl1,QAM16,18,False,EADL1+Top10,0.01,0.065
eadl1,QAM16,18,False,EADL1+Top10+AMC,0.01,0.065
eadl1,QAM16,18,False,Clean+Top10,0.01,-1
eadl1,QAM16,18,False,EADL1+Top20,0.915,0.28
eadl1,QAM16,18,False,EADL1+Top20+AMC,0.245,0.28
eadl1,QAM16,18,False,Clean+Top20,0.93,-1
eadl1,QAM16,18,False,EADL1+Top50,1.0,0.355
eadl1,QAM16,18,False,EADL1+Top50+AMC,0.36,0.355
eadl1,QAM16,18,False,Clean+Top50,1.0,-1
eadl1,QAM16,18,True,Clean,1.0,0.725
eadl1,QAM16,18,True,Clean+AMC,0.725,0.725
eadl1,QAM16,18,True,EADL1,1.0,0.0
eadl1,QAM16,18,True,EADL1+AMC,0.005,0.0
eadl1,QAM16,18,True,EADL1+Top10,0.91,0.08
eadl1,QAM16,18,True,EADL1+Top10+AMC,0.085,0.08
eadl1,QAM16,18,True,Clean+Top10,0.905,-1
eadl1,QAM16,18,True,EADL1+Top20,1.0,0.32
eadl1,QAM16,18,True,EADL1+Top20+AMC,0.32,0.32
eadl1,QAM16,18,True,Clean+Top20,1.0,-1
eadl1,QAM16,18,True,EADL1+Top50,1.0,0.35
eadl1,QAM16,18,True,EADL1+Top50+AMC,0.355,0.35
eadl1,QAM16,18,True,Clean+Top50,1.0,-1
eadl1,QAM64,18,False,Clean,0.935,0.97
eadl1,QAM64,18,False,Clean+AMC,0.905,0.97
eadl1,QAM64,18,False,EADL1,0.87,0.0
eadl1,QAM64,18,False,EADL1+AMC,0.005,0.0
eadl1,QAM64,18,False,EADL1+Top10,0.0,0.915
eadl1,QAM64,18,False,EADL1+Top10+AMC,0.0,0.915
eadl1,QAM64,18,False,Clean+Top10,0.0,-1
eadl1,QAM64,18,False,EADL1+Top20,0.36,0.93
eadl1,QAM64,18,False,EADL1+Top20+AMC,0.335,0.93
eadl1,QAM64,18,False,Clean+Top20,0.45,-1
eadl1,QAM64,18,False,EADL1+Top50,0.81,0.88
eadl1,QAM64,18,False,EADL1+Top50+AMC,0.71,0.88
eadl1,QAM64,18,False,Clean+Top50,0.865,-1
eadl1,QAM64,18,True,Clean,1.0,0.925
eadl1,QAM64,18,True,Clean+AMC,0.925,0.925
eadl1,QAM64,18,True,EADL1,1.0,0.0
eadl1,QAM64,18,True,EADL1+AMC,0.01,0.0
eadl1,QAM64,18,True,EADL1+Top10,0.225,0.955
eadl1,QAM64,18,True,EADL1+Top10+AMC,0.21,0.955
eadl1,QAM64,18,True,Clean+Top10,0.225,-1
eadl1,QAM64,18,True,EADL1+Top20,0.99,0.875
eadl1,QAM64,18,True,EADL1+Top20+AMC,0.865,0.875
eadl1,QAM64,18,True,Clean+Top20,0.99,-1
eadl1,QAM64,18,True,EADL1+Top50,1.0,0.84
eadl1,QAM64,18,True,EADL1+Top50+AMC,0.84,0.84
eadl1,QAM64,18,True,Clean+Top50,1.0,-1
eadl1,PAM4,18,False,Clean,1.0,1.0
eadl1,PAM4,18,False,Clean+AMC,1.0,1.0
eadl1,PAM4,18,False,EADL1,0.975,0.0
eadl1,PAM4,18,False,EADL1+AMC,0.005,0.0
eadl1,PAM4,18,False,EADL1+Top10,0.07,0.895
eadl1,PAM4,18,False,EADL1+Top10+AMC,0.07,0.895
eadl1,PAM4,18,False,Clean+Top10,0.125,-1
eadl1,PAM4,18,False,EADL1+Top20,0.94,0.925
eadl1,PAM4,18,False,EADL1+Top20+AMC,0.865,0.925
eadl1,PAM4,18,False,Clean+Top20,1.0,-1
eadl1,PAM4,18,False,EADL1+Top50,0.98,0.855
eadl1,PAM4,18,False,EADL1+Top50+AMC,0.835,0.855
eadl1,PAM4,18,False,Clean+Top50,1.0,-1
eadl1,PAM4,18,True,Clean,1.0,0.075
eadl1,PAM4,18,True,Clean+AMC,0.14,0.075
eadl1,PAM4,18,True,EADL1,1.0,0.0
eadl1,PAM4,18,True,EADL1+AMC,0.08,0.0
eadl1,PAM4,18,True,EADL1+Top10,0.895,0.005
eadl1,PAM4,18,True,EADL1+Top10+AMC,0.005,0.005
eadl1,PAM4,18,True,Clean+Top10,0.9,-1
eadl1,PAM4,18,True,EADL1+Top20,1.0,0.05
eadl1,PAM4,18,True,EADL1+Top20+AMC,0.095,0.05
eadl1,PAM4,18,True,Clean+Top20,1.0,-1
eadl1,PAM4,18,True,EADL1+Top50,1.0,0.03
eadl1,PAM4,18,True,EADL1+Top50+AMC,0.09,0.03
eadl1,PAM4,18,True,Clean+Top50,1.0,-1
eadl1,CPFSK,18,False,Clean,1.0,1.0
eadl1,CPFSK,18,False,Clean+AMC,1.0,1.0
eadl1,CPFSK,18,False,EADL1,1.0,0.0
eadl1,CPFSK,18,False,EADL1+AMC,0.0,0.0
eadl1,CPFSK,18,False,EADL1+Top10,1.0,0.045
eadl1,CPFSK,18,False,EADL1+Top10+AMC,0.045,0.045
eadl1,CPFSK,18,False,Clean+Top10,1.0,-1
eadl1,CPFSK,18,False,EADL1+Top20,1.0,0.44
eadl1,CPFSK,18,False,EADL1+Top20+AMC,0.44,0.44
eadl1,CPFSK,18,False,Clean+Top20,1.0,-1
eadl1,CPFSK,18,False,EADL1+Top50,1.0,0.705
eadl1,CPFSK,18,False,EADL1+Top50+AMC,0.705,0.705
eadl1,CPFSK,18,False,Clean+Top50,1.0,-1
eadl1,GFSK,18,False,Clean,0.99,0.005
eadl1,GFSK,18,False,Clean+AMC,0.895,0.005
eadl1,GFSK,18,False,EADL1,0.99,0.0
eadl1,GFSK,18,False,EADL1+AMC,0.89,0.0
eadl1,GFSK,18,False,EADL1+Top10,0.99,0.02
eadl1,GFSK,18,False,EADL1+Top10+AMC,0.075,0.02
eadl1,GFSK,18,False,Clean+Top10,0.99,-1
eadl1,GFSK,18,False,EADL1+Top20,0.99,0.0
eadl1,GFSK,18,False,EADL1+Top20+AMC,0.76,0.0
eadl1,GFSK,18,False,Clean+Top20,0.99,-1
eadl1,GFSK,18,False,EADL1+Top50,0.99,0.005
eadl1,GFSK,18,False,EADL1+Top50+AMC,0.885,0.005
eadl1,GFSK,18,False,Clean+Top50,0.99,-1
eadl1,BPSK,0,False,Clean,1.0,0.77
eadl1,BPSK,0,False,Clean+AMC,0.77,0.77
eadl1,BPSK,0,False,EADL1,1.0,0.0
eadl1,BPSK,0,False,EADL1+AMC,0.0,0.0
eadl1,BPSK,0,False,EADL1+Top10,0.78,0.015
eadl1,BPSK,0,False,EADL1+Top10+AMC,0.025,0.015
eadl1,BPSK,0,False,Clean+Top10,0.795,-1
eadl1,BPSK,0,False,EADL1+Top20,0.96,0.135
eadl1,BPSK,0,False,EADL1+Top20+AMC,0.13,0.135
eadl1,BPSK,0,False,Clean+Top20,0.98,-1
eadl1,BPSK,0,False,EADL1+Top50,0.995,0.365
eadl1,BPSK,0,False,EADL1+Top50+AMC,0.365,0.365
eadl1,BPSK,0,False,Clean+Top50,0.995,-1
eadl1,QPSK,0,False,Clean,0.76,0.49
eadl1,QPSK,0,False,Clean+AMC,0.405,0.49
eadl1,QPSK,0,False,EADL1,0.75,0.0
eadl1,QPSK,0,False,EADL1+AMC,0.0,0.0
eadl1,QPSK,0,False,EADL1+Top10,0.195,0.0
eadl1,QPSK,0,False,EADL1+Top10+AMC,0.005,0.0
eadl1,QPSK,0,False,Clean+Top10,0.205,-1
eadl1,QPSK,0,False,EADL1+Top20,0.495,0.02
eadl1,QPSK,0,False,EADL1+Top20+AMC,0.015,0.02
eadl1,QPSK,0,False,Clean+Top20,0.505,-1
eadl1,QPSK,0,False,EADL1+Top50,0.68,0.23
eadl1,QPSK,0,False,EADL1+Top50+AMC,0.185,0.23
eadl1,QPSK,0,False,Clean+Top50,0.7,-1
eadl1,QPSK,0,True,Clean,1.0,0.03
eadl1,QPSK,0,True,Clean+AMC,0.03,0.03
eadl1,QPSK,0,True,EADL1,1.0,0.0
eadl1,QPSK,0,True,EADL1+AMC,0.0,0.0
eadl1,QPSK,0,True,EADL1+Top10,0.915,0.0
eadl1,QPSK,0,True,EADL1+Top10+AMC,0.0,0.0
eadl1,QPSK,0,True,Clean+Top10,0.915,-1
eadl1,QPSK,0,True,EADL1+Top20,0.975,0.0
eadl1,QPSK,0,True,EADL1+Top20+AMC,0.005,0.0
eadl1,QPSK,0,True,Clean+Top20,0.975,-1
eadl1,QPSK,0,True,EADL1+Top50,1.0,0.03
eadl1,QPSK,0,True,EADL1+Top50+AMC,0.035,0.03
eadl1,QPSK,0,True,Clean+Top50,1.0,-1
eadl1,8PSK,0,False,Clean,0.055,0.43
eadl1,8PSK,0,False,Clean+AMC,0.02,0.43
eadl1,8PSK,0,False,EADL1,0.055,0.0
eadl1,8PSK,0,False,EADL1+AMC,0.0,0.0
eadl1,8PSK,0,False,EADL1+Top10,0.005,0.0
eadl1,8PSK,0,False,EADL1+Top10+AMC,0.0,0.0
eadl1,8PSK,0,False,Clean+Top10,0.005,-1
eadl1,8PSK,0,False,EADL1+Top20,0.025,0.085
eadl1,8PSK,0,False,EADL1+Top20+AMC,0.005,0.085
eadl1,8PSK,0,False,Clean+Top20,0.025,-1
eadl1,8PSK,0,False,EADL1+Top50,0.04,0.365
eadl1,8PSK,0,False,EADL1+Top50+AMC,0.01,0.365
eadl1,8PSK,0,False,Clean+Top50,0.04,-1
eadl1,8PSK,0,True,Clean,0.995,0.375
eadl1,8PSK,0,True,Clean+AMC,0.375,0.375
eadl1,8PSK,0,True,EADL1,0.995,0.0
eadl1,8PSK,0,True,EADL1+AMC,0.0,0.0
eadl1,8PSK,0,True,EADL1+Top10,0.86,0.0
eadl1,8PSK,0,True,EADL1+Top10+AMC,0.01,0.0
eadl1,8PSK,0,True,Clean+Top10,0.86,-1
eadl1,8PSK,0,True,EADL1+Top20,0.965,0.085
eadl1,8PSK,0,True,EADL1+Top20+AMC,0.08,0.085
eadl1,8PSK,0,True,Clean+Top20,0.97,-1
eadl1,8PSK,0,True,EADL1+Top50,0.98,0.34
eadl1,8PSK,0,True,EADL1+Top50+AMC,0.335,0.34
eadl1,8PSK,0,True,Clean+Top50,0.98,-1
eadl1,QAM16,0,False,Clean,0.0,0.615
eadl1,QAM16,0,False,Clean+AMC,0.0,0.615
eadl1,QAM16,0,False,EADL1,0.0,0.0
eadl1,QAM16,0,False,EADL1+AMC,0.0,0.0
eadl1,QAM16,0,False,EADL1+Top10,0.01,0.085
eadl1,QAM16,0,False,EADL1+Top10+AMC,0.005,0.085
eadl1,QAM16,0,False,Clean+Top10,0.005,-1
eadl1,QAM16,0,False,EADL1+Top20,0.0,0.35
eadl1,QAM16,0,False,EADL1+Top20+AMC,0.0,0.35
eadl1,QAM16,0,False,Clean+Top20,0.0,-1
eadl1,QAM16,0,False,EADL1+Top50,0.015,0.575
eadl1,QAM16,0,False,EADL1+Top50+AMC,0.005,0.575
eadl1,QAM16,0,False,Clean+Top50,0.015,-1
eadl1,QAM16,0,True,Clean,0.86,0.62
eadl1,QAM16,0,True,Clean+AMC,0.525,0.62
eadl1,QAM16,0,True,EADL1,0.86,0.0
eadl1,QAM16,0,True,EADL1+AMC,0.0,0.0
eadl1,QAM16,0,True,EADL1+Top10,0.425,0.1
eadl1,QAM16,0,True,EADL1+Top10+AMC,0.05,0.1
eadl1,QAM16,0,True,Clean+Top10,0.43,-1
eadl1,QAM16,0,True,EADL1+Top20,0.715,0.26
eadl1,QAM16,0,True,EADL1+Top20+AMC,0.17,0.26
eadl1,QAM16,0,True,Clean+Top20,0.705,-1
eadl1,QAM16,0,True,EADL1+Top50,0.85,0.525
eadl1,QAM16,0,True,EADL1+Top50+AMC,0.445,0.525
eadl1,QAM16,0,True,Clean+Top50,0.84,-1
eadl1,QAM64,0,False,Clean,0.0,0.18
eadl1,QAM64,0,False,Clean+AMC,0.01,0.18
eadl1,QAM64,0,False,EADL1,0.0,0.0
eadl1,QAM64,0,False,EADL1+AMC,0.01,0.0
eadl1,QAM64,0,False,EADL1+Top10,0.0,0.885
eadl1,QAM64,0,False,EADL1+Top10+AMC,0.0,0.885
eadl1,QAM64,0,False,Clean+Top10,0.0,-1
eadl1,QAM64,0,False,EADL1+Top20,0.0,0.665
eadl1,QAM64,0,False,EADL1+Top20+AMC,0.0,0.665
eadl1,QAM64,0,False,Clean+Top20,0.0,-1
eadl1,QAM64,0,False,EADL1+Top50,0.0,0.275
eadl1,QAM64,0,False,EADL1+Top50+AMC,0.0,0.275
eadl1,QAM64,0,False,Clean+Top50,0.0,-1
eadl1,QAM64,0,True,Clean,0.195,0.15
eadl1,QAM64,0,True,Clean+AMC,0.03,0.15
eadl1,QAM64,0,True,EADL1,0.195,0.0
eadl1,QAM64,0,True,EADL1+AMC,0.005,0.0
eadl1,QAM64,0,True,EADL1+Top10,0.005,0.9
eadl1,QAM64,0,True,EADL1+Top10+AMC,0.005,0.9
eadl1,QAM64,0,True,Clean+Top10,0.005,-1
eadl1,QAM64,0,True,EADL1+Top20,0.05,0.605
eadl1,QAM64,0,True,EADL1+Top20+AMC,0.03,0.605
eadl1,QAM64,0,True,Clean+Top20,0.05,-1
eadl1,QAM64,0,True,EADL1+Top50,0.14,0.28
eadl1,QAM64,0,True,EADL1+Top50+AMC,0.045,0.28
eadl1,QAM64,0,True,Clean+Top50,0.145,-1
eadl1,PAM4,0,False,Clean,0.2,0.825
eadl1,PAM4,0,False,Clean+AMC,0.175,0.825
eadl1,PAM4,0,False,EADL1,0.21,0.0
eadl1,PAM4,0,False,EADL1+AMC,0.0,0.0
eadl1,PAM4,0,False,EADL1+Top10,0.015,0.63
eadl1,PAM4,0,False,EADL1+Top10+AMC,0.01,0.63
eadl1,PAM4,0,False,Clean+Top10,0.01,-1
eadl1,PAM4,0,False,EADL1+Top20,0.09,0.66
eadl1,PAM4,0,False,EADL1+Top20+AMC,0.06,0.66
eadl1,PAM4,0,False,Clean+Top20,0.105,-1
eadl1,PAM4,0,False,EADL1+Top50,0.195,0.765
eadl1,PAM4,0,False,EADL1+Top50+AMC,0.16,0.765
eadl1,PAM4,0,False,Clean+Top50,0.2,-1
eadl1,PAM4,0,True,Clean,0.815,0.375
eadl1,PAM4,0,True,Clean+AMC,0.455,0.375
eadl1,PAM4,0,True,EADL1,0.815,0.0
eadl1,PAM4,0,True,EADL1+AMC,0.3,0.0
eadl1,PAM4,0,True,EADL1+Top10,0.65,0.12
eadl1,PAM4,0,True,EADL1+Top10+AMC,0.1,0.12
eadl1,PAM4,0,True,Clean+Top10,0.635,-1
eadl1,PAM4,0,True,EADL1+Top20,0.73,0.2
eadl1,PAM4,0,True,EADL1+Top20+AMC,0.215,0.2
eadl1,PAM4,0,True,Clean+Top20,0.76,-1
eadl1,PAM4,0,True,EADL1+Top50,0.81,0.23
eadl1,PAM4,0,True,EADL1+Top50+AMC,0.31,0.23
eadl1,PAM4,0,True,Clean+Top50,0.81,-1
eadl1,CPFSK,0,False,Clean,0.095,0.545
eadl1,CPFSK,0,False,Clean+AMC,0.05,0.545
eadl1,CPFSK,0,False,EADL1,0.095,0.0
eadl1,CPFSK,0,False,EADL1+AMC,0.0,0.0
eadl1,CPFSK,0,False,EADL1+Top10,0.095,0.025
eadl1,CPFSK,0,False,EADL1+Top10+AMC,0.0,0.025
eadl1,CPFSK,0,False,Clean+Top10,0.095,-1
eadl1,CPFSK,0,False,EADL1+Top20,0.095,0.1
eadl1,CPFSK,0,False,EADL1+Top20+AMC,0.005,0.1
eadl1,CPFSK,0,False,Clean+Top20,0.095,-1
eadl1,CPFSK,0,False,EADL1+Top50,0.095,0.325
eadl1,CPFSK,0,False,EADL1+Top50+AMC,0.03,0.325
eadl1,CPFSK,0,False,Clean+Top50,0.095,-1
eadl1,GFSK,0,False,Clean,0.04,0.005
eadl1,GFSK,0,False,Clean+AMC,0.015,0.005
eadl1,GFSK,0,False,EADL1,0.04,0.0
eadl1,GFSK,0,False,EADL1+AMC,0.015,0.0
eadl1,GFSK,0,False,EADL1+Top10,0.04,0.03
eadl1,GFSK,0,False,EADL1+Top10+AMC,0.005,0.03
eadl1,GFSK,0,False,Clean+Top10,0.04,-1
eadl1,GFSK,0,False,EADL1+Top20,0.04,0.015
eadl1,GFSK,0,False,EADL1+Top20+AMC,0.01,0.015
eadl1,GFSK,0,False,Clean+Top20,0.04,-1
eadl1,GFSK,0,False,EADL1+Top50,0.04,0.01
eadl1,GFSK,0,False,EADL1+Top50+AMC,0.015,0.01
eadl1,GFSK,0,False,Clean+Top50,0.04,-1
